<ReportsInfo>
  <xs:schema id="ReportsInfo" xmlns="" xmlns:xs="http://www.w3.org/2001/XMLSchema" xmlns:msdata="urn:schemas-microsoft-com:xml-msdata">
    <xs:element name="ReportsInfo" msdata:IsDataSet="true" msdata:MainDataTable="clients" msdata:UseCurrentLocale="true">
      <xs:complexType>
        <xs:choice minOccurs="0" maxOccurs="unbounded">
          <xs:element name="clients">
            <xs:complexType>
              <xs:sequence>
                <xs:element name="Id" type="xs:int" />
                <xs:element name="UNP" type="xs:string" minOccurs="0" />
                <xs:element name="NameCompany" type="xs:string" minOccurs="0" />
                <xs:element name="Multiple" type="xs:boolean" minOccurs="0" />
              </xs:sequence>
            </xs:complexType>
          </xs:element>
        </xs:choice>
      </xs:complexType>
      <xs:unique name="Constraint1" msdata:PrimaryKey="true">
        <xs:selector xpath=".//clients" />
        <xs:field xpath="Id" />
      </xs:unique>
    </xs:element>
  </xs:schema>
  <clients>
    <Id>1</Id>
    <UNP>000000102</UNP>
    <NameCompany>Parturient finibus lectus</NameCompany>
    <Multiple>false</Multiple>
  </clients>
  <clients>
    <Id>2</Id>
    <UNP>000000105</UNP>
    <NameCompany>Dignissim eleifend tristique</NameCompany>
    <Multiple>false</Multiple>
  </clients>
  <clients>
    <Id>3</Id>
    <UNP>000000108</UNP>
    <NameCompany>A curae adipiscing</NameCompany>
    <Multiple>false</Multiple>
  </clients>
  <clients>
    <Id>4</Id>
    <UNP>000000111</UNP>
    <NameCompany>Suspendisse facilisis</NameCompany>
    <Multiple>false</Multiple>
  </clients>
  <clients>
    <Id>5</Id>
    <UNP>000000114</UNP>
    <NameCompany>Magnis dis</NameCompany>
    <Multiple>false</Multiple>
  </clients>
  <clients>
    <Id>6</Id>
    <UNP>000000117</UNP>
    <NameCompany>Varius sollicitudin</NameCompany>
    <Multiple>false</Multiple>
  </clients>
  <clients>
    <Id>7</Id>
    <UNP>000000120</UNP>
    <NameCompany>Semper imperdiet</NameCompany>
    <Multiple>false</Multiple>
  </clients>
  <clients>
    <Id>8</Id>
    <UNP>000000123</UNP>
    <NameCompany>Nulla hac mollis</NameCompany>
    <Multiple>false</Multiple>
  </clients>
  <clients>
    <Id>9</Id>
    <UNP>000000126</UNP>
    <NameCompany>Laoreet vel mattis</NameCompany>
    <Multiple>false</Multiple>
  </clients>
  <clients>
    <Id>10</Id>
    <UNP>000000129</UNP>
    <NameCompany>Et sed</NameCompany>
    <Multiple>false</Multiple>
  </clients>
  <clients>
    <Id>11</Id>
    <UNP>000000132</UNP>
    <NameCompany>Non vestibulum</NameCompany>
    <Multiple>false</Multiple>
  </clients>
  <clients>
    <Id>12</Id>
    <UNP>000000135</UNP>
    <NameCompany>Enim  imperdiet</NameCompany>
    <Multiple>false</Multiple>
  </clients>
  <clients>
    <Id>13</Id>
    <UNP>000000138</UNP>
    <NameCompany>Viverra feugiat dictum</NameCompany>
    <Multiple>false</Multiple>
  </clients>
  <clients>
    <Id>14</Id>
    <UNP>000000141</UNP>
    <NameCompany>Torquent turpis orci</NameCompany>
    <Multiple>false</Multiple>
  </clients>
  <clients>
    <Id>15</Id>
    <UNP>000000144</UNP>
    <NameCompany>Elit  himenaeos</NameCompany>
    <Multiple>false</Multiple>
  </clients>
  <clients>
    <Id>16</Id>
    <UNP>000000147</UNP>
    <NameCompany>Fusce consectetur</NameCompany>
    <Multiple>false</Multiple>
  </clients>
  <clients>
    <Id>17</Id>
    <UNP>000000150</UNP>
    <NameCompany>Potenti non ad</NameCompany>
    <Multiple>false</Multiple>
  </clients>
  <clients>
    <Id>18</Id>
    <UNP>000000153</UNP>
    <NameCompany>Quisque montes</NameCompany>
    <Multiple>false</Multiple>
  </clients>
  <clients>
    <Id>19</Id>
    <UNP>000000156</UNP>
    <NameCompany>Ut elit commodo</NameCompany>
    <Multiple>false</Multiple>
  </clients>
  <clients>
    <Id>20</Id>
    <UNP>000000159</UNP>
    <NameCompany>Rutrum aliquam per</NameCompany>
    <Multiple>false</Multiple>
  </clients>
  <clients>
    <Id>21</Id>
    <UNP>000000162</UNP>
    <NameCompany>Aptent facilisi placerat</NameCompany>
    <Multiple>false</Multiple>
  </clients>
  <clients>
    <Id>22</Id>
    <UNP>000000165</UNP>
    <NameCompany>Elit himenaeos luctus</NameCompany>
    <Multiple>false</Multiple>
  </clients>
  <clients>
    <Id>23</Id>
    <UNP>000000168</UNP>
    <NameCompany>Leo himenaeos a</NameCompany>
    <Multiple>false</Multiple>
  </clients>
  <clients>
    <Id>24</Id>
    <UNP>000000171</UNP>
    <NameCompany>Pretium parturient</NameCompany>
    <Multiple>false</Multiple>
  </clients>
  <clients>
    <Id>25</Id>
    <UNP>000000174</UNP>
    <NameCompany>Nam mus nisl</NameCompany>
    <Multiple>false</Multiple>
  </clients>
  <clients>
    <Id>26</Id>
    <UNP>000000177</UNP>
    <NameCompany>Bibendum  mattis</NameCompany>
    <Multiple>false</Multiple>
  </clients>
  <clients>
    <Id>27</Id>
    <UNP>000000180</UNP>
    <NameCompany>Maecenas justo enim</NameCompany>
    <Multiple>false</Multiple>
  </clients>
  <clients>
    <Id>28</Id>
    <UNP>000000183</UNP>
    <NameCompany>Ac aenean maecenas</NameCompany>
    <Multiple>false</Multiple>
  </clients>
  <clients>
    <Id>29</Id>
    <UNP>000000186</UNP>
    <NameCompany>Mi at platea</NameCompany>
    <Multiple>false</Multiple>
  </clients>
  <clients>
    <Id>30</Id>
    <UNP>000000189</UNP>
    <NameCompany>Consectetur ornare cubilia</NameCompany>
    <Multiple>false</Multiple>
  </clients>
  <clients>
    <Id>31</Id>
    <UNP>000000192</UNP>
    <NameCompany>Mauris primis suspendisse</NameCompany>
    <Multiple>false</Multiple>
  </clients>
  <clients>
    <Id>32</Id>
    <UNP>000000195</UNP>
    <NameCompany>Odio vehicula malesuada</NameCompany>
    <Multiple>false</Multiple>
  </clients>
  <clients>
    <Id>33</Id>
    <UNP>000000198</UNP>
    <NameCompany>Risus phasellus non</NameCompany>
    <Multiple>false</Multiple>
  </clients>
  <clients>
    <Id>34</Id>
    <UNP>000000201</UNP>
    <NameCompany>Amet fames cubilia</NameCompany>
    <Multiple>false</Multiple>
  </clients>
  <clients>
    <Id>35</Id>
    <UNP>000000204</UNP>
    <NameCompany>Inceptos nulla maecenas</NameCompany>
    <Multiple>false</Multiple>
  </clients>
  <clients>
    <Id>36</Id>
    <UNP>000000207</UNP>
    <NameCompany>Natoque cursus</NameCompany>
    <Multiple>false</Multiple>
  </clients>
  <clients>
    <Id>37</Id>
    <UNP>000000210</UNP>
    <NameCompany>Turpis facilisi nunc</NameCompany>
    <Multiple>false</Multiple>
  </clients>
  <clients>
    <Id>38</Id>
    <UNP>000000213</UNP>
    <NameCompany>Eget blandit cubilia</NameCompany>
    <Multiple>false</Multiple>
  </clients>
  <clients>
    <Id>39</Id>
    <UNP>000000216</UNP>
    <NameCompany>Cursus fringilla congue</NameCompany>
    <Multiple>false</Multiple>
  </clients>
  <clients>
    <Id>40</Id>
    <UNP>000000219</UNP>
    <NameCompany>Taciti malesuada</NameCompany>
    <Multiple>false</Multiple>
  </clients>
  <clients>
    <Id>41</Id>
    <UNP>000000222</UNP>
    <NameCompany>Duis pretium augue</NameCompany>
    <Multiple>false</Multiple>
  </clients>
  <clients>
    <Id>42</Id>
    <UNP>000000225</UNP>
    <NameCompany>Cubilia  ante</NameCompany>
    <Multiple>false</Multiple>
  </clients>
  <clients>
    <Id>43</Id>
    <UNP>000000228</UNP>
    <NameCompany>Habitant pellentesque iaculis</NameCompany>
    <Multiple>false</Multiple>
  </clients>
  <clients>
    <Id>44</Id>
    <UNP>000000231</UNP>
    <NameCompany>Eleifend duis litora</NameCompany>
    <Multiple>false</Multiple>
  </clients>
  <clients>
    <Id>45</Id>
    <UNP>000000234</UNP>
    <NameCompany>Suscipit aliquet mi</NameCompany>
    <Multiple>false</Multiple>
  </clients>
  <clients>
    <Id>46</Id>
    <UNP>000000237</UNP>
    <NameCompany>Dui augue natoque</NameCompany>
    <Multiple>false</Multiple>
  </clients>
  <clients>
    <Id>47</Id>
    <UNP>000000240</UNP>
    <NameCompany>Magna euismod</NameCompany>
    <Multiple>false</Multiple>
  </clients>
  <clients>
    <Id>48</Id>
    <UNP>000000243</UNP>
    <NameCompany>Nostra ultricies facilisi</NameCompany>
    <Multiple>false</Multiple>
  </clients>
  <clients>
    <Id>49</Id>
    <UNP>000000246</UNP>
    <NameCompany>Bibendum iaculis dapibus</NameCompany>
    <Multiple>false</Multiple>
  </clients>
  <clients>
    <Id>50</Id>
    <UNP>000000249</UNP>
    <NameCompany>Proin nibh morbi</NameCompany>
    <Multiple>false</Multiple>
  </clients>
  <clients>
    <Id>51</Id>
    <UNP>000000252</UNP>
    <NameCompany>Cursus nunc</NameCompany>
    <Multiple>false</Multiple>
  </clients>
  <clients>
    <Id>52</Id>
    <UNP>000000255</UNP>
    <NameCompany>Sed dictumst dolor</NameCompany>
    <Multiple>false</Multiple>
  </clients>
  <clients>
    <Id>53</Id>
    <UNP>000000258</UNP>
    <NameCompany>Malesuada imperdiet lorem</NameCompany>
    <Multiple>false</Multiple>
  </clients>
  <clients>
    <Id>54</Id>
    <UNP>000000261</UNP>
    <NameCompany>Consequat torquent ex</NameCompany>
    <Multiple>false</Multiple>
  </clients>
  <clients>
    <Id>55</Id>
    <UNP>000000264</UNP>
    <NameCompany>Lobortis lacus tellus</NameCompany>
    <Multiple>false</Multiple>
  </clients>
  <clients>
    <Id>56</Id>
    <UNP>000000267</UNP>
    <NameCompany>Per cubilia risus</NameCompany>
    <Multiple>false</Multiple>
  </clients>
  <clients>
    <Id>57</Id>
    <UNP>000000270</UNP>
    <NameCompany>Accumsan inceptos nascetur</NameCompany>
    <Multiple>false</Multiple>
  </clients>
  <clients>
    <Id>58</Id>
    <UNP>000000273</UNP>
    <NameCompany>Consequat arcu sem</NameCompany>
    <Multiple>false</Multiple>
  </clients>
  <clients>
    <Id>59</Id>
    <UNP>000000276</UNP>
    <NameCompany>Ac</NameCompany>
    <Multiple>false</Multiple>
  </clients>
  <clients>
    <Id>60</Id>
    <UNP>000000279</UNP>
    <NameCompany>Habitant semper cursus</NameCompany>
    <Multiple>false</Multiple>
  </clients>
  <clients>
    <Id>61</Id>
    <UNP>000000282</UNP>
    <NameCompany>Tellus tempor semper</NameCompany>
    <Multiple>false</Multiple>
  </clients>
  <clients>
    <Id>62</Id>
    <UNP>000000285</UNP>
    <NameCompany>Blandit adipiscing facilisi</NameCompany>
    <Multiple>false</Multiple>
  </clients>
  <clients>
    <Id>63</Id>
    <UNP>000000288</UNP>
    <NameCompany>Id a eros</NameCompany>
    <Multiple>false</Multiple>
  </clients>
  <clients>
    <Id>64</Id>
    <UNP>000000291</UNP>
    <NameCompany>Pulvinar quam</NameCompany>
    <Multiple>false</Multiple>
  </clients>
  <clients>
    <Id>65</Id>
    <UNP>000000294</UNP>
    <NameCompany>Proin dis vel</NameCompany>
    <Multiple>false</Multiple>
  </clients>
  <clients>
    <Id>66</Id>
    <UNP>000000297</UNP>
    <NameCompany>Suscipit elit magnis</NameCompany>
    <Multiple>false</Multiple>
  </clients>
  <clients>
    <Id>67</Id>
    <UNP>000000300</UNP>
    <NameCompany>Phasellus venenatis volutpat</NameCompany>
    <Multiple>false</Multiple>
  </clients>
  <clients>
    <Id>68</Id>
    <UNP>000000303</UNP>
    <NameCompany>Consequat semper ornare</NameCompany>
    <Multiple>false</Multiple>
  </clients>
  <clients>
    <Id>69</Id>
    <UNP>000000306</UNP>
    <NameCompany>Accumsan rhoncus lobortis</NameCompany>
    <Multiple>false</Multiple>
  </clients>
  <clients>
    <Id>70</Id>
    <UNP>000000309</UNP>
    <NameCompany>Nostra commodo dis</NameCompany>
    <Multiple>false</Multiple>
  </clients>
  <clients>
    <Id>71</Id>
    <UNP>000000312</UNP>
    <NameCompany>Interdum  cursus</NameCompany>
    <Multiple>false</Multiple>
  </clients>
  <clients>
    <Id>72</Id>
    <UNP>000000315</UNP>
    <NameCompany>Pretium consectetur porta</NameCompany>
    <Multiple>false</Multiple>
  </clients>
  <clients>
    <Id>73</Id>
    <UNP>000000318</UNP>
    <NameCompany>Lacus lacinia vivamus</NameCompany>
    <Multiple>false</Multiple>
  </clients>
  <clients>
    <Id>74</Id>
    <UNP>000000321</UNP>
    <NameCompany>Etiam dictumst elit</NameCompany>
    <Multiple>false</Multiple>
  </clients>
  <clients>
    <Id>75</Id>
    <UNP>000000324</UNP>
    <NameCompany>Convallis morbi tellus</NameCompany>
    <Multiple>false</Multiple>
  </clients>
  <clients>
    <Id>76</Id>
    <UNP>000000327</UNP>
    <NameCompany>Imperdiet  conubia</NameCompany>
    <Multiple>false</Multiple>
  </clients>
  <clients>
    <Id>77</Id>
    <UNP>000000330</UNP>
    <NameCompany>Nisi ornare natoque</NameCompany>
    <Multiple>false</Multiple>
  </clients>
  <clients>
    <Id>78</Id>
    <UNP>000000333</UNP>
    <NameCompany>Primis  habitant</NameCompany>
    <Multiple>false</Multiple>
  </clients>
  <clients>
    <Id>79</Id>
    <UNP>000000336</UNP>
    <NameCompany>Lacinia torquent faucibus</NameCompany>
    <Multiple>false</Multiple>
  </clients>
  <clients>
    <Id>80</Id>
    <UNP>000000339</UNP>
    <NameCompany>Litora magnis ornare</NameCompany>
    <Multiple>false</Multiple>
  </clients>
  <clients>
    <Id>81</Id>
    <UNP>000000342</UNP>
    <NameCompany>Eget sed inceptos</NameCompany>
    <Multiple>false</Multiple>
  </clients>
  <clients>
    <Id>82</Id>
    <UNP>000000345</UNP>
    <NameCompany>Molestie scelerisque blandit</NameCompany>
    <Multiple>false</Multiple>
  </clients>
  <clients>
    <Id>83</Id>
    <UNP>000000348</UNP>
    <NameCompany>Sapien pretium morbi</NameCompany>
    <Multiple>false</Multiple>
  </clients>
  <clients>
    <Id>84</Id>
    <UNP>000000351</UNP>
    <NameCompany>Tempor faucibus vestibulum</NameCompany>
    <Multiple>false</Multiple>
  </clients>
  <clients>
    <Id>85</Id>
    <UNP>000000354</UNP>
    <NameCompany>Fames inceptos rhoncus</NameCompany>
    <Multiple>false</Multiple>
  </clients>
  <clients>
    <Id>86</Id>
    <UNP>000000357</UNP>
    <NameCompany>Sagittis dignissim</NameCompany>
    <Multiple>false</Multiple>
  </clients>
  <clients>
    <Id>87</Id>
    <UNP>000000360</UNP>
    <NameCompany>Hendrerit sollicitudin iaculis</NameCompany>
    <Multiple>false</Multiple>
  </clients>
  <clients>
    <Id>88</Id>
    <UNP>000000363</UNP>
    <NameCompany>Bibendum viverra auctor</NameCompany>
    <Multiple>false</Multiple>
  </clients>
  <clients>
    <Id>89</Id>
    <UNP>000000366</UNP>
    <NameCompany>Habitasse  dui</NameCompany>
    <Multiple>false</Multiple>
  </clients>
  <clients>
    <Id>90</Id>
    <UNP>000000369</UNP>
    <NameCompany>Condimentum netus ut</NameCompany>
    <Multiple>false</Multiple>
  </clients>
  <clients>
    <Id>91</Id>
    <UNP>000000372</UNP>
    <NameCompany>Risus eleifend etiam</NameCompany>
    <Multiple>false</Multiple>
  </clients>
  <clients>
    <Id>92</Id>
    <UNP>000000375</UNP>
    <NameCompany>Bibendum curabitur purus</NameCompany>
    <Multiple>false</Multiple>
  </clients>
  <clients>
    <Id>93</Id>
    <UNP>000000378</UNP>
    <NameCompany>Cursus integer malesuada</NameCompany>
    <Multiple>false</Multiple>
  </clients>
  <clients>
    <Id>94</Id>
    <UNP>000000381</UNP>
    <NameCompany>Laoreet eu sodales</NameCompany>
    <Multiple>false</Multiple>
  </clients>
  <clients>
    <Id>95</Id>
    <UNP>000000384</UNP>
    <NameCompany>Massa condimentum risus</NameCompany>
    <Multiple>false</Multiple>
  </clients>
  <clients>
    <Id>96</Id>
    <UNP>000000387</UNP>
    <NameCompany>Per elit convallis</NameCompany>
    <Multiple>false</Multiple>
  </clients>
  <clients>
    <Id>97</Id>
    <UNP>000000390</UNP>
    <NameCompany>Lorem ipsum dolor</NameCompany>
    <Multiple>false</Multiple>
  </clients>
  <clients>
    <Id>98</Id>
    <UNP>000000393</UNP>
    <NameCompany>Adipiscing  elit</NameCompany>
    <Multiple>false</Multiple>
  </clients>
  <clients>
    <Id>99</Id>
    <UNP>000000396</UNP>
    <NameCompany>Sagittis leo</NameCompany>
    <Multiple>false</Multiple>
  </clients>
  <clients>
    <Id>100</Id>
    <UNP>000000399</UNP>
    <NameCompany>Rutrum  sollicitudin</NameCompany>
    <Multiple>false</Multiple>
  </clients>
  <clients>
    <Id>101</Id>
    <UNP>000000402</UNP>
    <NameCompany>Hac fermentum id</NameCompany>
    <Multiple>false</Multiple>
  </clients>
  <clients>
    <Id>102</Id>
    <UNP>000000405</UNP>
    <NameCompany>Natoque nibh leo</NameCompany>
    <Multiple>false</Multiple>
  </clients>
  <clients>
    <Id>103</Id>
    <UNP>000000408</UNP>
    <NameCompany>Morbi  ad</NameCompany>
    <Multiple>false</Multiple>
  </clients>
  <clients>
    <Id>104</Id>
    <UNP>000000411</UNP>
    <NameCompany>Porttitor quam tellus</NameCompany>
    <Multiple>false</Multiple>
  </clients>
  <clients>
    <Id>105</Id>
    <UNP>000000414</UNP>
    <NameCompany>Lorem luctus blandit</NameCompany>
    <Multiple>false</Multiple>
  </clients>
  <clients>
    <Id>106</Id>
    <UNP>000000417</UNP>
    <NameCompany>Lacus pharetra</NameCompany>
    <Multiple>false</Multiple>
  </clients>
  <clients>
    <Id>107</Id>
    <UNP>000000420</UNP>
    <NameCompany>Consequat tellus eu</NameCompany>
    <Multiple>false</Multiple>
  </clients>
  <clients>
    <Id>108</Id>
    <UNP>000000423</UNP>
    <NameCompany>Taciti convallis aliquam</NameCompany>
    <Multiple>false</Multiple>
  </clients>
  <clients>
    <Id>109</Id>
    <UNP>000000426</UNP>
    <NameCompany>Tempor suscipit arcu</NameCompany>
    <Multiple>false</Multiple>
  </clients>
  <clients>
    <Id>110</Id>
    <UNP>000000429</UNP>
    <NameCompany>Purus per magnis</NameCompany>
    <Multiple>false</Multiple>
  </clients>
  <clients>
    <Id>111</Id>
    <UNP>000000432</UNP>
    <NameCompany>Tempus viverra efficitur</NameCompany>
    <Multiple>false</Multiple>
  </clients>
  <clients>
    <Id>112</Id>
    <UNP>000000435</UNP>
    <NameCompany>Suscipit augue luctus</NameCompany>
    <Multiple>false</Multiple>
  </clients>
  <clients>
    <Id>113</Id>
    <UNP>000000438</UNP>
    <NameCompany>Mollis  venenatis</NameCompany>
    <Multiple>false</Multiple>
  </clients>
  <clients>
    <Id>114</Id>
    <UNP>000000441</UNP>
    <NameCompany>Ridiculus dictumst</NameCompany>
    <Multiple>false</Multiple>
  </clients>
  <clients>
    <Id>115</Id>
    <UNP>000000444</UNP>
    <NameCompany>Ullamcorper taciti arcu</NameCompany>
    <Multiple>false</Multiple>
  </clients>
  <clients>
    <Id>116</Id>
    <UNP>000000447</UNP>
    <NameCompany>Auctor phasellus scelerisque</NameCompany>
    <Multiple>false</Multiple>
  </clients>
  <clients>
    <Id>117</Id>
    <UNP>000000450</UNP>
    <NameCompany>Ipsum netus fermentum</NameCompany>
    <Multiple>false</Multiple>
  </clients>
  <clients>
    <Id>118</Id>
    <UNP>000000453</UNP>
    <NameCompany>Erat et ultrices</NameCompany>
    <Multiple>false</Multiple>
  </clients>
  <clients>
    <Id>119</Id>
    <UNP>000000456</UNP>
    <NameCompany>Facilisis laoreet metus</NameCompany>
    <Multiple>false</Multiple>
  </clients>
  <clients>
    <Id>120</Id>
    <UNP>000000459</UNP>
    <NameCompany>Odio ornare leo</NameCompany>
    <Multiple>false</Multiple>
  </clients>
  <clients>
    <Id>121</Id>
    <UNP>000000462</UNP>
    <NameCompany>Tristique libero netus</NameCompany>
    <Multiple>false</Multiple>
  </clients>
  <clients>
    <Id>122</Id>
    <UNP>000000465</UNP>
    <NameCompany>Efficitur augue tempus</NameCompany>
    <Multiple>false</Multiple>
  </clients>
  <clients>
    <Id>123</Id>
    <UNP>000000468</UNP>
    <NameCompany>Aenean commodo erat</NameCompany>
    <Multiple>false</Multiple>
  </clients>
  <clients>
    <Id>124</Id>
    <UNP>000000471</UNP>
    <NameCompany>Suspendisse at donec</NameCompany>
    <Multiple>false</Multiple>
  </clients>
  <clients>
    <Id>125</Id>
    <UNP>000000474</UNP>
    <NameCompany>Potenti  vel</NameCompany>
    <Multiple>false</Multiple>
  </clients>
  <clients>
    <Id>126</Id>
    <UNP>000000477</UNP>
    <NameCompany>Curabitur facilisi quis</NameCompany>
    <Multiple>false</Multiple>
  </clients>
  <clients>
    <Id>127</Id>
    <UNP>000000480</UNP>
    <NameCompany>Imperdiet nisl sed</NameCompany>
    <Multiple>false</Multiple>
  </clients>
  <clients>
    <Id>128</Id>
    <UNP>000000483</UNP>
    <NameCompany>Nunc aenean at</NameCompany>
    <Multiple>false</Multiple>
  </clients>
  <clients>
    <Id>129</Id>
    <UNP>000000486</UNP>
    <NameCompany>Risus nascetur class</NameCompany>
    <Multiple>false</Multiple>
  </clients>
  <clients>
    <Id>130</Id>
    <UNP>000000489</UNP>
    <NameCompany>Non nostra quam</NameCompany>
    <Multiple>false</Multiple>
  </clients>
  <clients>
    <Id>131</Id>
    <UNP>000000492</UNP>
    <NameCompany>Dapibus morbi pellentesque</NameCompany>
    <Multiple>false</Multiple>
  </clients>
  <clients>
    <Id>132</Id>
    <UNP>000000495</UNP>
    <NameCompany>Senectus libero lorem</NameCompany>
    <Multiple>false</Multiple>
  </clients>
  <clients>
    <Id>133</Id>
    <UNP>000000498</UNP>
    <NameCompany>Adipiscing ridiculus lobortis</NameCompany>
    <Multiple>false</Multiple>
  </clients>
  <clients>
    <Id>134</Id>
    <UNP>000000501</UNP>
    <NameCompany>Vestibulum  semper</NameCompany>
    <Multiple>false</Multiple>
  </clients>
  <clients>
    <Id>135</Id>
    <UNP>000000504</UNP>
    <NameCompany>Posuere dictumst sem</NameCompany>
    <Multiple>false</Multiple>
  </clients>
  <clients>
    <Id>136</Id>
    <UNP>000000507</UNP>
    <NameCompany>Quis blandit</NameCompany>
    <Multiple>false</Multiple>
  </clients>
  <clients>
    <Id>137</Id>
    <UNP>000000510</UNP>
    <NameCompany>Vel porttitor laoreet</NameCompany>
    <Multiple>false</Multiple>
  </clients>
  <clients>
    <Id>138</Id>
    <UNP>000000513</UNP>
    <NameCompany>Proin  curae</NameCompany>
    <Multiple>false</Multiple>
  </clients>
  <clients>
    <Id>139</Id>
    <UNP>000000516</UNP>
    <NameCompany>Praesent fusce parturient</NameCompany>
    <Multiple>false</Multiple>
  </clients>
  <clients>
    <Id>140</Id>
    <UNP>000000519</UNP>
    <NameCompany>Litora lacus</NameCompany>
    <Multiple>false</Multiple>
  </clients>
  <clients>
    <Id>141</Id>
    <UNP>000000522</UNP>
    <NameCompany>Ut nam quisque</NameCompany>
    <Multiple>false</Multiple>
  </clients>
  <clients>
    <Id>142</Id>
    <UNP>000000525</UNP>
    <NameCompany>Est conubia laoreet</NameCompany>
    <Multiple>false</Multiple>
  </clients>
  <clients>
    <Id>143</Id>
    <UNP>000000528</UNP>
    <NameCompany>Metus  enim</NameCompany>
    <Multiple>false</Multiple>
  </clients>
  <clients>
    <Id>144</Id>
    <UNP>000000531</UNP>
    <NameCompany>Ornare vestibulum feugiat</NameCompany>
    <Multiple>false</Multiple>
  </clients>
  <clients>
    <Id>145</Id>
    <UNP>000000534</UNP>
    <NameCompany>Vestibulum facilisis dictum</NameCompany>
    <Multiple>false</Multiple>
  </clients>
  <clients>
    <Id>146</Id>
    <UNP>000000537</UNP>
    <NameCompany>Mus  sit</NameCompany>
    <Multiple>false</Multiple>
  </clients>
  <clients>
    <Id>147</Id>
    <UNP>000000540</UNP>
    <NameCompany>Tristique nullam nibh</NameCompany>
    <Multiple>false</Multiple>
  </clients>
  <clients>
    <Id>148</Id>
    <UNP>000000543</UNP>
    <NameCompany>Enim nisl scelerisque</NameCompany>
    <Multiple>false</Multiple>
  </clients>
  <clients>
    <Id>149</Id>
    <UNP>000000546</UNP>
    <NameCompany>Sollicitudin sem</NameCompany>
    <Multiple>false</Multiple>
  </clients>
  <clients>
    <Id>150</Id>
    <UNP>000000549</UNP>
    <NameCompany>Eros inceptos dapibus</NameCompany>
    <Multiple>false</Multiple>
  </clients>
  <clients>
    <Id>151</Id>
    <UNP>000000552</UNP>
    <NameCompany>Mauris laoreet rhoncus</NameCompany>
    <Multiple>false</Multiple>
  </clients>
  <clients>
    <Id>152</Id>
    <UNP>000000555</UNP>
    <NameCompany>Facilisi  maecenas</NameCompany>
    <Multiple>false</Multiple>
  </clients>
  <clients>
    <Id>153</Id>
    <UNP>000000558</UNP>
    <NameCompany>Parturient etiam fusce</NameCompany>
    <Multiple>false</Multiple>
  </clients>
  <clients>
    <Id>154</Id>
    <UNP>000000561</UNP>
    <NameCompany>Rutrum proin malesuada</NameCompany>
    <Multiple>false</Multiple>
  </clients>
  <clients>
    <Id>155</Id>
    <UNP>000000564</UNP>
    <NameCompany>Fermentum sodales nisl</NameCompany>
    <Multiple>false</Multiple>
  </clients>
  <clients>
    <Id>156</Id>
    <UNP>000000567</UNP>
    <NameCompany>Non  cras</NameCompany>
    <Multiple>false</Multiple>
  </clients>
  <clients>
    <Id>157</Id>
    <UNP>000000570</UNP>
    <NameCompany>Blandit cubilia netus</NameCompany>
    <Multiple>false</Multiple>
  </clients>
  <clients>
    <Id>158</Id>
    <UNP>000000573</UNP>
    <NameCompany>Turpis vehicula lacus</NameCompany>
    <Multiple>false</Multiple>
  </clients>
  <clients>
    <Id>159</Id>
    <UNP>000000576</UNP>
    <NameCompany>Hac sapien duis</NameCompany>
    <Multiple>false</Multiple>
  </clients>
  <clients>
    <Id>160</Id>
    <UNP>000000579</UNP>
    <NameCompany>Massa  litora</NameCompany>
    <Multiple>false</Multiple>
  </clients>
  <clients>
    <Id>161</Id>
    <UNP>000000582</UNP>
    <NameCompany>Molestie ac tellus</NameCompany>
    <Multiple>false</Multiple>
  </clients>
  <clients>
    <Id>162</Id>
    <UNP>000000585</UNP>
    <NameCompany>Convallis molestie lacus</NameCompany>
    <Multiple>false</Multiple>
  </clients>
  <clients>
    <Id>163</Id>
    <UNP>000000588</UNP>
    <NameCompany>Hendrerit  lacinia</NameCompany>
    <Multiple>false</Multiple>
  </clients>
  <clients>
    <Id>164</Id>
    <UNP>000000591</UNP>
    <NameCompany>Vel volutpat himenaeos</NameCompany>
    <Multiple>false</Multiple>
  </clients>
  <clients>
    <Id>165</Id>
    <UNP>000000594</UNP>
    <NameCompany>Varius praesent</NameCompany>
    <Multiple>false</Multiple>
  </clients>
  <clients>
    <Id>166</Id>
    <UNP>000000597</UNP>
    <NameCompany>Inceptos  interdum</NameCompany>
    <Multiple>false</Multiple>
  </clients>
  <clients>
    <Id>167</Id>
    <UNP>000000600</UNP>
    <NameCompany>Justo feugiat elit</NameCompany>
    <Multiple>false</Multiple>
  </clients>
</ReportsInfo>