<ReportsInfo>
  <xs:schema id="ReportsInfo" xmlns="" xmlns:xs="http://www.w3.org/2001/XMLSchema" xmlns:msdata="urn:schemas-microsoft-com:xml-msdata">
    <xs:element name="ReportsInfo" msdata:IsDataSet="true" msdata:MainDataTable="report" msdata:UseCurrentLocale="true">
      <xs:complexType>
        <xs:choice minOccurs="0" maxOccurs="unbounded">
          <xs:element name="report">
            <xs:complexType>
              <xs:sequence>
                <xs:element name="ClientId" type="xs:int" minOccurs="0" />
                <xs:element name="BankCode" type="xs:string" minOccurs="0" />
                <xs:element name="CorrAccount" type="xs:string" minOccurs="0" />
                <xs:element name="Number" type="xs:string" minOccurs="0" />
                <xs:element name="Debit" type="xs:decimal" minOccurs="0" />
                <xs:element name="Credit" type="xs:decimal" minOccurs="0" />
                <xs:element name="Equivalent" type="xs:decimal" minOccurs="0" />
                <xs:element name="Date" type="xs:dateTime" minOccurs="0" />
                <xs:element name="Purpose" type="xs:string" minOccurs="0" />
                <xs:element name="NameCompany" type="xs:string" minOccurs="0" />
                <xs:element name="UNP" type="xs:string" minOccurs="0" />
              </xs:sequence>
            </xs:complexType>
          </xs:element>
        </xs:choice>
      </xs:complexType>
    </xs:element>
  </xs:schema>
  <report>
    <ClientId>41</ClientId>
    <BankCode>00000000000</BankCode>
    <CorrAccount>0000000000000000000000000000</CorrAccount>
    <Number>2</Number>
    <Debit>134.17</Debit>
    <Credit>0</Credit>
    <Equivalent>134.17</Equivalent>
    <Date>2020-04-21T00:00:00+03:00</Date>
    <Purpose>Parturient finibus lectus vehicula nisl blandit dignissim eleifend tristique  </Purpose>
    <NameCompany>Duis pretium augue</NameCompany>
    <UNP>000000222</UNP>
  </report>
  <report>
    <ClientId>50</ClientId>
    <BankCode>00000000000</BankCode>
    <CorrAccount>0000000000000000000000000000</CorrAccount>
    <Number>323</Number>
    <Debit>0</Debit>
    <Credit>133.00</Credit>
    <Equivalent>133.00</Equivalent>
    <Date>2020-04-21T00:00:00+03:00</Date>
    <Purpose>habitant fermentum torquent a curae adipiscing sed congue  suspendisse facilisis  himenaeos mi consectetur magnis dis  Auctor</Purpose>
    <NameCompany>Proin nibh morbi</NameCompany>
    <UNP>000000249</UNP>
  </report>
  <report>
    <ClientId>69</ClientId>
    <BankCode>00000000000</BankCode>
    <CorrAccount>0000000000000000000000000000</CorrAccount>
    <Number>738</Number>
    <Debit>0</Debit>
    <Credit>25.00</Credit>
    <Equivalent>25.00</Equivalent>
    <Date>2020-04-23T00:00:00+03:00</Date>
    <Purpose>conubia bibendum varius sollicitudin  magna fermentum quis semper imperdiet  sodales venenatis commodo nulla hac mollis</Purpose>
    <NameCompany>Accumsan rhoncus lobortis</NameCompany>
    <UNP>000000306</UNP>
  </report>
  <report>
    <ClientId>53</ClientId>
    <BankCode>00000000000</BankCode>
    <CorrAccount>0000000000000000000000000000</CorrAccount>
    <Number>3195</Number>
    <Debit>0</Debit>
    <Credit>427.00</Credit>
    <Equivalent>427.00</Equivalent>
    <Date>2020-04-24T00:00:00+03:00</Date>
    <Purpose> justo ac dictum  laoreet vel mattis nisl ut a et sed  Amet ipsum tempus</Purpose>
    <NameCompany>Malesuada imperdiet lorem</NameCompany>
    <UNP>000000258</UNP>
  </report>
  <report>
    <ClientId>98</ClientId>
    <BankCode>00000000000</BankCode>
    <CorrAccount>0000000000000000000000000000</CorrAccount>
    <Number>11</Number>
    <Debit>640.00</Debit>
    <Credit>0</Credit>
    <Equivalent>640.00</Equivalent>
    <Date>2020-04-29T00:00:00+03:00</Date>
    <Purpose>non vestibulum  suscipit consectetur massa enim  imperdiet vulputate eget risus viverra feugiat dictum urna id</Purpose>
    <NameCompany>Adipiscing  elit</NameCompany>
    <UNP>000000393</UNP>
  </report>
  <report>
    <ClientId>20</ClientId>
    <BankCode>00000000000</BankCode>
    <CorrAccount>0000000000000000000000000000</CorrAccount>
    <Number>5966859</Number>
    <Debit>12.16</Debit>
    <Credit>0</Credit>
    <Equivalent>12.16</Equivalent>
    <Date>2020-04-29T00:00:00+03:00</Date>
    <Purpose>  torquent turpis orci phasellus porttitor justo elit  Himenaeos semper condimentum lorem fusce consectetur  turpis massa phasellus potenti</Purpose>
    <NameCompany>Rutrum aliquam per</NameCompany>
    <UNP>000000159</UNP>
  </report>
  <report>
    <ClientId>57</ClientId>
    <BankCode>00000000000</BankCode>
    <CorrAccount>0000000000000000000000000000</CorrAccount>
    <Number>6024509</Number>
    <Debit>2.50</Debit>
    <Credit>0</Credit>
    <Equivalent>2.50</Equivalent>
    <Date>2020-04-30T00:00:00+03:00</Date>
    <Purpose>non ad praesent ultricies vulputate quisque montes  malesuada primis eleifend  ut elit commodo parturient etiam vel</Purpose>
    <NameCompany>Accumsan inceptos nascetur</NameCompany>
    <UNP>000000270</UNP>
  </report>
  <report>
    <ClientId>41</ClientId>
    <BankCode>00000000000</BankCode>
    <CorrAccount>0000000000000000000000000000</CorrAccount>
    <Number>5997739</Number>
    <Debit>0</Debit>
    <Credit>0.09</Credit>
    <Equivalent>0.09</Equivalent>
    <Date>2020-04-30T00:00:00+03:00</Date>
    <Purpose>rutrum aliquam per scelerisque nulla dapibus  Aptent facilisi placerat ex  feugiat at  elit himenaeos luctus mollis  Quam purus leo himenaeos</Purpose>
    <NameCompany>Duis pretium augue</NameCompany>
    <UNP>000000222</UNP>
  </report>
  <report>
    <ClientId>147</ClientId>
    <BankCode>00000000000</BankCode>
    <CorrAccount>0000000000000000000000000000</CorrAccount>
    <Number>3623</Number>
    <Debit>0</Debit>
    <Credit>283.00</Credit>
    <Equivalent>283.00</Equivalent>
    <Date>2020-04-30T00:00:00+03:00</Date>
    <Purpose>a nisi platea cursus pretium parturient   lacus fermentum</Purpose>
    <NameCompany>Tristique nullam nibh</NameCompany>
    <UNP>000000540</UNP>
  </report>
  <report>
    <ClientId>152</ClientId>
    <BankCode>00000000000</BankCode>
    <CorrAccount>0000000000000000000000000000</CorrAccount>
    <Number>115</Number>
    <Debit>0</Debit>
    <Credit>24.00</Credit>
    <Equivalent>24.00</Equivalent>
    <Date>2020-04-30T00:00:00+03:00</Date>
    <Purpose>orci nam mus nisl at odio facilisis bibendum  mattis ad phasellus taciti maecenas justo enim vestibulum   Nulla erat ac aenean</Purpose>
    <NameCompany>Facilisi  maecenas</NameCompany>
    <UNP>000000555</UNP>
  </report>
  <report>
    <ClientId>153</ClientId>
    <BankCode>00000000000</BankCode>
    <CorrAccount>0000000000000000000000000000</CorrAccount>
    <Number>805</Number>
    <Debit>0</Debit>
    <Credit>246.00</Credit>
    <Equivalent>246.00</Equivalent>
    <Date>2020-04-30T00:00:00+03:00</Date>
    <Purpose>maecenas lorem iaculis sapien mi at platea placerat hac  consectetur ornare cubilia fames rhoncus </Purpose>
    <NameCompany>Parturient etiam fusce</NameCompany>
    <UNP>000000558</UNP>
  </report>
  <report>
    <ClientId>7</ClientId>
    <BankCode>00000000000</BankCode>
    <CorrAccount>0000000000000000000000000000</CorrAccount>
    <Number>350</Number>
    <Debit>0</Debit>
    <Credit>25.00</Credit>
    <Equivalent>25.00</Equivalent>
    <Date>2020-05-04T00:00:00+03:00</Date>
    <Purpose> mauris primis suspendisse eget tincidunt  Odio vehicula malesuada dis massa at risus phasellus</Purpose>
    <NameCompany>Semper imperdiet </NameCompany>
    <UNP>000000120</UNP>
  </report>
  <report>
    <ClientId>144</ClientId>
    <BankCode>00000000000</BankCode>
    <CorrAccount>0000000000000000000000000000</CorrAccount>
    <Number>6086426</Number>
    <Debit>10.00</Debit>
    <Credit>0</Credit>
    <Equivalent>10.00</Equivalent>
    <Date>2020-05-07T00:00:00+03:00</Date>
    <Purpose>non sem  ligula sociosqu amet fames cubilia mollis per   Inceptos nulla maecenas curae libero ante natoque cursus</Purpose>
    <NameCompany>Ornare vestibulum feugiat</NameCompany>
    <UNP>000000531</UNP>
  </report>
  <report>
    <ClientId>58</ClientId>
    <BankCode>00000000000</BankCode>
    <CorrAccount>0000000000000000000000000000</CorrAccount>
    <Number>20006050</Number>
    <Debit>0</Debit>
    <Credit>38.00</Credit>
    <Equivalent>38.00</Equivalent>
    <Date>2020-05-11T00:00:00+03:00</Date>
    <Purpose> purus ultrices duis turpis facilisi nunc vel   quisque sociosqu eget blandit cubilia parturient  Eleifend dictumst cursus fringilla congue mi</Purpose>
    <NameCompany>Consequat arcu sem</NameCompany>
    <UNP>000000273</UNP>
  </report>
  <report>
    <ClientId>102</ClientId>
    <BankCode>00000000000</BankCode>
    <CorrAccount>0000000000000000000000000000</CorrAccount>
    <Number>103</Number>
    <Debit>0</Debit>
    <Credit>36.00</Credit>
    <Equivalent>36.00</Equivalent>
    <Date>2020-05-13T00:00:00+03:00</Date>
    <Purpose>donec elementum  taciti malesuada  bibendum nisl lacinia duis pretium augue dictum</Purpose>
    <NameCompany>Natoque nibh leo</NameCompany>
    <UNP>000000405</UNP>
  </report>
  <report>
    <ClientId>131</ClientId>
    <BankCode>00000000000</BankCode>
    <CorrAccount>0000000000000000000000000000</CorrAccount>
    <Number>101</Number>
    <Debit>0</Debit>
    <Credit>36.00</Credit>
    <Equivalent>36.00</Equivalent>
    <Date>2020-05-19T00:00:00+03:00</Date>
    <Purpose>consectetur tempor cubilia  ante amet dapibus  habitant pellentesque iaculis blandit</Purpose>
    <NameCompany>Dapibus morbi pellentesque</NameCompany>
    <UNP>000000492</UNP>
  </report>
  <report>
    <ClientId>9</ClientId>
    <BankCode>00000000000</BankCode>
    <CorrAccount>0000000000000000000000000000</CorrAccount>
    <Number>57</Number>
    <Debit>0</Debit>
    <Credit>12.00</Credit>
    <Equivalent>12.00</Equivalent>
    <Date>2020-05-22T00:00:00+03:00</Date>
    <Purpose>et  Eleifend duis litora placerat netus etiam suscipit aliquet mi aliquam   magnis leo dui augue natoque</Purpose>
    <NameCompany>Laoreet vel mattis</NameCompany>
    <UNP>000000126</UNP>
  </report>
  <report>
    <ClientId>112</ClientId>
    <BankCode>00000000000</BankCode>
    <CorrAccount>0000000000000000000000000000</CorrAccount>
    <Number>6279732</Number>
    <Debit>2.50</Debit>
    <Credit>0</Credit>
    <Equivalent>2.50</Equivalent>
    <Date>2020-05-29T00:00:00+03:00</Date>
    <Purpose>sagittis primis ad magna euismod  neque venenatis porta nostra ultricies</Purpose>
    <NameCompany>Suscipit augue luctus</NameCompany>
    <UNP>000000435</UNP>
  </report>
  <report>
    <ClientId>80</ClientId>
    <BankCode>00000000000</BankCode>
    <CorrAccount>0000000000000000000000000000</CorrAccount>
    <Number>6246010</Number>
    <Debit>0</Debit>
    <Credit>0.26</Credit>
    <Equivalent>0.26</Equivalent>
    <Date>2020-05-29T00:00:00+03:00</Date>
    <Purpose>facilisi elit  hendrerit  Bibendum iaculis dapibus odio magnis sociosqu proin nibh morbi posuere nulla integer cursus nunc  </Purpose>
    <NameCompany>Litora magnis ornare</NameCompany>
    <UNP>000000339</UNP>
  </report>
  <report>
    <ClientId>166</ClientId>
    <BankCode>00000000000</BankCode>
    <CorrAccount>0000000000000000000000000000</CorrAccount>
    <Number>906</Number>
    <Debit>0</Debit>
    <Credit>205.00</Credit>
    <Equivalent>205.00</Equivalent>
    <Date>2020-06-02T00:00:00+03:00</Date>
    <Purpose>montes molestie accumsan sed dictumst dolor nec maecenas suspendisse malesuada imperdiet lorem </Purpose>
    <NameCompany>Inceptos  interdum</NameCompany>
    <UNP>000000597</UNP>
  </report>
  <report>
    <ClientId>140</ClientId>
    <BankCode>00000000000</BankCode>
    <CorrAccount>0000000000000000000000000000</CorrAccount>
    <Number>435</Number>
    <Debit>0</Debit>
    <Credit>134.00</Credit>
    <Equivalent>134.00</Equivalent>
    <Date>2020-06-03T00:00:00+03:00</Date>
    <Purpose>non conubia  consequat torquent ex sem mollis pulvinar lobortis</Purpose>
    <NameCompany>Litora lacus </NameCompany>
    <UNP>000000519</UNP>
  </report>
  <report>
    <ClientId>37</ClientId>
    <BankCode>00000000000</BankCode>
    <CorrAccount>0000000000000000000000000000</CorrAccount>
    <Number>6329124</Number>
    <Debit>10.00</Debit>
    <Credit>0</Credit>
    <Equivalent>10.00</Equivalent>
    <Date>2020-06-04T00:00:00+03:00</Date>
    <Purpose>lacus tellus mauris  Integer diam per cubilia risus class  nunc consectetur accumsan inceptos</Purpose>
    <NameCompany>Turpis facilisi nunc</NameCompany>
    <UNP>000000210</UNP>
  </report>
  <report>
    <ClientId>86</ClientId>
    <BankCode>00000000000</BankCode>
    <CorrAccount>0000000000000000000000000000</CorrAccount>
    <Number>12</Number>
    <Debit>996.00</Debit>
    <Credit>0</Credit>
    <Equivalent>996.00</Equivalent>
    <Date>2020-06-05T00:00:00+03:00</Date>
    <Purpose>nascetur  platea maximus taciti consequat arcu sem turpis himenaeos odio ac   velit eleifend potenti habitant semper cursus dictumst bibendum</Purpose>
    <NameCompany>Sagittis dignissim </NameCompany>
    <UNP>000000357</UNP>
  </report>
  <report>
    <ClientId>138</ClientId>
    <BankCode>00000000000</BankCode>
    <CorrAccount>0000000000000000000000000000</CorrAccount>
    <Number>6346855</Number>
    <Debit>18.92</Debit>
    <Credit>0</Credit>
    <Equivalent>18.92</Equivalent>
    <Date>2020-06-05T00:00:00+03:00</Date>
    <Purpose>placerat  Tellus tempor semper pretium morbi  blandit adipiscing facilisi risus lacus  id a eros</Purpose>
    <NameCompany>Proin  curae</NameCompany>
    <UNP>000000513</UNP>
  </report>
  <report>
    <ClientId>165</ClientId>
    <BankCode>00000000000</BankCode>
    <CorrAccount>0000000000000000000000000000</CorrAccount>
    <Number>151</Number>
    <Debit>0</Debit>
    <Credit>36.00</Credit>
    <Equivalent>36.00</Equivalent>
    <Date>2020-06-16T00:00:00+03:00</Date>
    <Purpose>rutrum magna vestibulum pulvinar quam  aliquam natoque torquent  proin dis vel platea ultrices  Suscipit elit</Purpose>
    <NameCompany>Varius praesent </NameCompany>
    <UNP>000000594</UNP>
  </report>
  <report>
    <ClientId>43</ClientId>
    <BankCode>00000000000</BankCode>
    <CorrAccount>0000000000000000000000000000</CorrAccount>
    <Number>6052</Number>
    <Debit>0</Debit>
    <Credit>66.00</Credit>
    <Equivalent>66.00</Equivalent>
    <Date>2020-06-19T00:00:00+03:00</Date>
    <Purpose>magnis amet sapien quam phasellus venenatis volutpat  ac taciti egestas</Purpose>
    <NameCompany>Habitant pellentesque iaculis</NameCompany>
    <UNP>000000228</UNP>
  </report>
  <report>
    <ClientId>45</ClientId>
    <BankCode>00000000000</BankCode>
    <CorrAccount>0000000000000000000000000000</CorrAccount>
    <Number>379</Number>
    <Debit>0</Debit>
    <Credit>25.00</Credit>
    <Equivalent>25.00</Equivalent>
    <Date>2020-06-22T00:00:00+03:00</Date>
    <Purpose>consequat semper ornare   Nec ut venenatis accumsan rhoncus lobortis tellus tincidunt pellentesque  nostra commodo dis eu cubilia tempus </Purpose>
    <NameCompany>Suscipit aliquet mi</NameCompany>
    <UNP>000000234</UNP>
  </report>
  <report>
    <ClientId>7</ClientId>
    <BankCode>00000000000</BankCode>
    <CorrAccount>0000000000000000000000000000</CorrAccount>
    <Number>157</Number>
    <Debit>0</Debit>
    <Credit>36.00</Credit>
    <Equivalent>36.00</Equivalent>
    <Date>2020-06-23T00:00:00+03:00</Date>
    <Purpose>interdum  Cursus phasellus nascetur leo pretium consectetur porta parturient  pulvinar ad lacus lacinia vivamus  elementum ullamcorper  etiam dictumst</Purpose>
    <NameCompany>Semper imperdiet </NameCompany>
    <UNP>000000120</UNP>
  </report>
  <report>
    <ClientId>6</ClientId>
    <BankCode>00000000000</BankCode>
    <CorrAccount>0000000000000000000000000000</CorrAccount>
    <Number>5030</Number>
    <Debit>0</Debit>
    <Credit>352.00</Credit>
    <Equivalent>352.00</Equivalent>
    <Date>2020-06-24T00:00:00+03:00</Date>
    <Purpose>elit rhoncus nullam netus  Convallis morbi tellus aenean ut justo imperdiet  conubia orci  consequat pellentesque nisi ornare natoque iaculis accumsan finibus</Purpose>
    <NameCompany>Varius sollicitudin </NameCompany>
    <UNP>000000117</UNP>
  </report>
  <report>
    <ClientId>130</ClientId>
    <BankCode>00000000000</BankCode>
    <CorrAccount>0000000000000000000000000000</CorrAccount>
    <Number>6531512</Number>
    <Debit>2.50</Debit>
    <Credit>0</Credit>
    <Equivalent>2.50</Equivalent>
    <Date>2020-06-30T00:00:00+03:00</Date>
    <Purpose>primis  habitant odio quam fusce  lacinia torquent faucibus  Nam odio porta litora magnis ornare pulvinar libero fusce</Purpose>
    <NameCompany>Non nostra quam</NameCompany>
    <UNP>000000489</UNP>
  </report>
  <report>
    <ClientId>30</ClientId>
    <BankCode>00000000000</BankCode>
    <CorrAccount>0000000000000000000000000000</CorrAccount>
    <Number>6487192</Number>
    <Debit>0</Debit>
    <Credit>0.11</Credit>
    <Equivalent>0.11</Equivalent>
    <Date>2020-06-30T00:00:00+03:00</Date>
    <Purpose> eget sed inceptos volutpat  quisque eros molestie scelerisque blandit  sagittis porttitor euismod</Purpose>
    <NameCompany>Consectetur ornare cubilia</NameCompany>
    <UNP>000000189</UNP>
  </report>
  <report>
    <ClientId>150</ClientId>
    <BankCode>00000000000</BankCode>
    <CorrAccount>0000000000000000000000000000</CorrAccount>
    <Number>6583223</Number>
    <Debit>10.00</Debit>
    <Credit>0</Credit>
    <Equivalent>10.00</Equivalent>
    <Date>2020-07-07T00:00:00+03:00</Date>
    <Purpose>sapien pretium morbi lobortis  Erat vitae  tempor faucibus vestibulum efficitur netus sapien fames</Purpose>
    <NameCompany>Eros inceptos dapibus</NameCompany>
    <UNP>000000549</UNP>
  </report>
  <report>
    <ClientId>124</ClientId>
    <BankCode>00000000000</BankCode>
    <CorrAccount>0000000000000000000000000000</CorrAccount>
    <Number>3</Number>
    <Debit>117.57</Debit>
    <Credit>0</Credit>
    <Equivalent>117.57</Equivalent>
    <Date>2020-07-07T00:00:00+03:00</Date>
    <Purpose>inceptos rhoncus conubia  ridiculus leo sagittis dignissim  ad risus venenatis hendrerit sollicitudin iaculis  nibh pellentesque sociosqu bibendum viverra auctor in</Purpose>
    <NameCompany>Suspendisse at donec</NameCompany>
    <UNP>000000471</UNP>
  </report>
  <report>
    <ClientId>124</ClientId>
    <BankCode>00000000000</BankCode>
    <CorrAccount>0000000000000000000000000000</CorrAccount>
    <Number>13</Number>
    <Debit>378.00</Debit>
    <Credit>0</Credit>
    <Equivalent>378.00</Equivalent>
    <Date>2020-07-07T00:00:00+03:00</Date>
    <Purpose>amet diam  habitasse  Dui euismod vitae mi condimentum netus ut nostra curae lacus  risus eleifend etiam auctor</Purpose>
    <NameCompany>Suspendisse at donec</NameCompany>
    <UNP>000000471</UNP>
  </report>
  <report>
    <ClientId>148</ClientId>
    <BankCode>00000000000</BankCode>
    <CorrAccount>0000000000000000000000000000</CorrAccount>
    <Number>6587558</Number>
    <Debit>7.18</Debit>
    <Credit>0</Credit>
    <Equivalent>7.18</Equivalent>
    <Date>2020-07-07T00:00:00+03:00</Date>
    <Purpose>diam nunc  bibendum curabitur purus et  ipsum arcu cursus integer</Purpose>
    <NameCompany>Enim nisl scelerisque</NameCompany>
    <UNP>000000543</UNP>
  </report>
  <report>
    <ClientId>76</ClientId>
    <BankCode>00000000000</BankCode>
    <CorrAccount>0000000000000000000000000000</CorrAccount>
    <Number>322</Number>
    <Debit>0</Debit>
    <Credit>52.00</Credit>
    <Equivalent>52.00</Equivalent>
    <Date>2020-07-10T00:00:00+03:00</Date>
    <Purpose>malesuada mauris finibus lorem  Laoreet eu sodales non  imperdiet</Purpose>
    <NameCompany>Imperdiet  conubia</NameCompany>
    <UNP>000000327</UNP>
  </report>
  <report>
    <ClientId>2</ClientId>
    <BankCode>00000000000</BankCode>
    <CorrAccount>0000000000000000000000000000</CorrAccount>
    <Number>1298</Number>
    <Debit>0</Debit>
    <Credit>181.00</Credit>
    <Equivalent>181.00</Equivalent>
    <Date>2020-07-10T00:00:00+03:00</Date>
    <Purpose>mi massa condimentum risus molestie  neque dui per elit convallis nascetur eleifend  Lorem ipsum dolor sit amet consectetur</Purpose>
    <NameCompany>Dignissim eleifend tristique</NameCompany>
    <UNP>000000105</UNP>
  </report>
  <report>
    <ClientId>7</ClientId>
    <BankCode>00000000000</BankCode>
    <CorrAccount>0000000000000000000000000000</CorrAccount>
    <Number>1220</Number>
    <Debit>0</Debit>
    <Credit>60.00</Credit>
    <Equivalent>60.00</Equivalent>
    <Date>2020-07-13T00:00:00+03:00</Date>
    <Purpose>adipiscing  elit ultricies facilisi nibh sagittis leo  orci id volutpat rutrum  sollicitudin  Cursus imperdiet porta hac fermentum id risus</Purpose>
    <NameCompany>Semper imperdiet </NameCompany>
    <UNP>000000120</UNP>
  </report>
  <report>
    <ClientId>33</ClientId>
    <BankCode>00000000000</BankCode>
    <CorrAccount>0000000000000000000000000000</CorrAccount>
    <Number>1249</Number>
    <Debit>0</Debit>
    <Credit>12.00</Credit>
    <Equivalent>12.00</Equivalent>
    <Date>2020-07-14T00:00:00+03:00</Date>
    <Purpose>primis suscipit natoque nibh leo  sodales litora sit morbi  ad libero per hendrerit porttitor quam tellus dignissim </Purpose>
    <NameCompany>Risus phasellus non</NameCompany>
    <UNP>000000198</UNP>
  </report>
  <report>
    <ClientId>140</ClientId>
    <BankCode>00000000000</BankCode>
    <CorrAccount>0000000000000000000000000000</CorrAccount>
    <Number>6663</Number>
    <Debit>0</Debit>
    <Credit>207.00</Credit>
    <Equivalent>207.00</Equivalent>
    <Date>2020-07-17T00:00:00+03:00</Date>
    <Purpose>laoreet aptent lorem luctus blandit proin integer rhoncus  lacus</Purpose>
    <NameCompany>Litora lacus </NameCompany>
    <UNP>000000519</UNP>
  </report>
  <report>
    <ClientId>147</ClientId>
    <BankCode>00000000000</BankCode>
    <CorrAccount>0000000000000000000000000000</CorrAccount>
    <Number>571</Number>
    <Debit>0</Debit>
    <Credit>176.00</Credit>
    <Equivalent>176.00</Equivalent>
    <Date>2020-07-21T00:00:00+03:00</Date>
    <Purpose>pharetra  Lacus inceptos dolor consequat tellus eu dui pellentesque class  taciti convallis aliquam magna fusce  tempor suscipit arcu </Purpose>
    <NameCompany>Tristique nullam nibh</NameCompany>
    <UNP>000000540</UNP>
  </report>
  <report>
    <ClientId>154</ClientId>
    <BankCode>00000000000</BankCode>
    <CorrAccount>0000000000000000000000000000</CorrAccount>
    <Number>319641</Number>
    <Debit>0</Debit>
    <Credit>12.00</Credit>
    <Equivalent>12.00</Equivalent>
    <Date>2020-07-21T00:00:00+03:00</Date>
    <Purpose>etiam auctor adipiscing purus per magnis posuere  Et varius</Purpose>
    <NameCompany>Rutrum proin malesuada</NameCompany>
    <UNP>000000561</UNP>
  </report>
  <report>
    <ClientId>162</ClientId>
    <BankCode>00000000000</BankCode>
    <CorrAccount>0000000000000000000000000000</CorrAccount>
    <Number>14</Number>
    <Debit>685.00</Debit>
    <Credit>0</Credit>
    <Equivalent>685.00</Equivalent>
    <Date>2020-07-24T00:00:00+03:00</Date>
    <Purpose>tempus viverra efficitur lectus odio  suscipit augue luctus sapien sodales id mollis  venenatis ligula sed commodo ridiculus dictumst</Purpose>
    <NameCompany>Convallis molestie lacus</NameCompany>
    <UNP>000000585</UNP>
  </report>
  <report>
    <ClientId>154</ClientId>
    <BankCode>00000000000</BankCode>
    <CorrAccount>0000000000000000000000000000</CorrAccount>
    <Number>6707510</Number>
    <Debit>13.02</Debit>
    <Credit>0</Credit>
    <Equivalent>13.02</Equivalent>
    <Date>2020-07-24T00:00:00+03:00</Date>
    <Purpose> Class adipiscing  ullamcorper taciti arcu hac augue eros auctor phasellus scelerisque</Purpose>
    <NameCompany>Rutrum proin malesuada</NameCompany>
    <UNP>000000561</UNP>
  </report>
  <report>
    <ClientId>99</ClientId>
    <BankCode>00000000000</BankCode>
    <CorrAccount>0000000000000000000000000000</CorrAccount>
    <Number>151</Number>
    <Debit>0</Debit>
    <Credit>24.00</Credit>
    <Equivalent>24.00</Equivalent>
    <Date>2020-07-27T00:00:00+03:00</Date>
    <Purpose>imperdiet maximus  ipsum netus fermentum magnis  vestibulum ad erat et ultrices turpis  Magna sociosqu facilisis laoreet metus euismod natoque</Purpose>
    <NameCompany>Sagittis leo </NameCompany>
    <UNP>000000396</UNP>
  </report>
  <report>
    <ClientId>6</ClientId>
    <BankCode>00000000000</BankCode>
    <CorrAccount>0000000000000000000000000000</CorrAccount>
    <Number>192</Number>
    <Debit>0</Debit>
    <Credit>24.00</Credit>
    <Equivalent>24.00</Equivalent>
    <Date>2020-07-30T00:00:00+03:00</Date>
    <Purpose> odio ornare leo rutrum  tincidunt  tristique libero netus tellus velit  Efficitur augue tempus phasellus</Purpose>
    <NameCompany>Varius sollicitudin </NameCompany>
    <UNP>000000117</UNP>
  </report>
  <report>
    <ClientId>1</ClientId>
    <BankCode>00000000000</BankCode>
    <CorrAccount>0000000000000000000000000000</CorrAccount>
    <Number>159</Number>
    <Debit>0</Debit>
    <Credit>24.00</Credit>
    <Equivalent>24.00</Equivalent>
    <Date>2020-07-30T00:00:00+03:00</Date>
    <Purpose>sodales amet aenean commodo erat scelerisque  in habitasse suspendisse at donec  vehicula</Purpose>
    <NameCompany>Parturient finibus lectus</NameCompany>
    <UNP>000000102</UNP>
  </report>
  <report>
    <ClientId>5</ClientId>
    <BankCode>00000000000</BankCode>
    <CorrAccount>0000000000000000000000000000</CorrAccount>
    <Number>6797713</Number>
    <Debit>2.50</Debit>
    <Credit>0</Credit>
    <Equivalent>2.50</Equivalent>
    <Date>2020-07-31T00:00:00+03:00</Date>
    <Purpose>sociosqu praesent potenti  vel dignissim bibendum ornare curabitur facilisi quis lorem  Vivamus curae </Purpose>
    <NameCompany>Magnis dis </NameCompany>
    <UNP>000000114</UNP>
  </report>
  <report>
    <ClientId>24</ClientId>
    <BankCode>00000000000</BankCode>
    <CorrAccount>0000000000000000000000000000</CorrAccount>
    <Number>6766314</Number>
    <Debit>0</Debit>
    <Credit>0.14</Credit>
    <Equivalent>0.14</Equivalent>
    <Date>2020-07-31T00:00:00+03:00</Date>
    <Purpose>imperdiet nisl sed maecenas sit cursus nunc aenean at  conubia taciti ut risus nascetur class primis facilisis amet   Non</Purpose>
    <NameCompany>Pretium parturient </NameCompany>
    <UNP>000000171</UNP>
  </report>
  <report>
    <ClientId>103</ClientId>
    <BankCode>00000000000</BankCode>
    <CorrAccount>0000000000000000000000000000</CorrAccount>
    <Number>7308</Number>
    <Debit>0</Debit>
    <Credit>237.00</Credit>
    <Equivalent>237.00</Equivalent>
    <Date>2020-07-31T00:00:00+03:00</Date>
    <Purpose>nostra quam magna accumsan habitasse dapibus morbi pellentesque  mollis orci tincidunt senectus libero lorem  praesent ultrices</Purpose>
    <NameCompany>Morbi  ad</NameCompany>
    <UNP>000000408</UNP>
  </report>
  <report>
    <ClientId>9</ClientId>
    <BankCode>00000000000</BankCode>
    <CorrAccount>0000000000000000000000000000</CorrAccount>
    <Number>6782</Number>
    <Debit>0</Debit>
    <Credit>33.00</Credit>
    <Equivalent>33.00</Equivalent>
    <Date>2020-07-31T00:00:00+03:00</Date>
    <Purpose>nam  adipiscing ridiculus lobortis suspendisse eleifend facilisi vestibulum  Semper</Purpose>
    <NameCompany>Laoreet vel mattis</NameCompany>
    <UNP>000000126</UNP>
  </report>
  <report>
    <ClientId>99</ClientId>
    <BankCode>00000000000</BankCode>
    <CorrAccount>0000000000000000000000000000</CorrAccount>
    <Number>6865663</Number>
    <Debit>10.00</Debit>
    <Credit>0</Credit>
    <Equivalent>10.00</Equivalent>
    <Date>2020-08-06T00:00:00+03:00</Date>
    <Purpose>augue faucibus  posuere dictumst sem facilisi aenean pellentesque quis blandit  cras scelerisque sollicitudin vel porttitor laoreet  cubilia luctus sociosqu</Purpose>
    <NameCompany>Sagittis leo </NameCompany>
    <UNP>000000396</UNP>
  </report>
  <report>
    <ClientId>17</ClientId>
    <BankCode>00000000000</BankCode>
    <CorrAccount>0000000000000000000000000000</CorrAccount>
    <Number>284</Number>
    <Debit>0</Debit>
    <Credit>100.00</Credit>
    <Equivalent>100.00</Equivalent>
    <Date>2020-08-25T00:00:00+03:00</Date>
    <Purpose>proin  curae inceptos est vestibulum praesent fusce parturient cursus integer </Purpose>
    <NameCompany>Potenti non ad</NameCompany>
    <UNP>000000150</UNP>
  </report>
  <report>
    <ClientId>14</ClientId>
    <BankCode>00000000000</BankCode>
    <CorrAccount>0000000000000000000000000000</CorrAccount>
    <Number>15</Number>
    <Debit>490.00</Debit>
    <Credit>0</Credit>
    <Equivalent>490.00</Equivalent>
    <Date>2020-08-26T00:00:00+03:00</Date>
    <Purpose>Litora lacus  interdum euismod etiam ut nam quisque vitae  dictum id est conubia laoreet nibh parturient</Purpose>
    <NameCompany>Torquent turpis orci</NameCompany>
    <UNP>000000141</UNP>
  </report>
  <report>
    <ClientId>134</ClientId>
    <BankCode>00000000000</BankCode>
    <CorrAccount>0000000000000000000000000000</CorrAccount>
    <Number>6988982</Number>
    <Debit>9.31</Debit>
    <Credit>0</Credit>
    <Equivalent>9.31</Equivalent>
    <Date>2020-08-26T00:00:00+03:00</Date>
    <Purpose>lorem metus  enim sed  sagittis convallis ornare vestibulum feugiat </Purpose>
    <NameCompany>Vestibulum  semper</NameCompany>
    <UNP>000000501</UNP>
  </report>
  <report>
    <ClientId>105</ClientId>
    <BankCode>00000000000</BankCode>
    <CorrAccount>0000000000000000000000000000</CorrAccount>
    <Number>218</Number>
    <Debit>0</Debit>
    <Credit>70.00</Credit>
    <Equivalent>70.00</Equivalent>
    <Date>2020-08-26T00:00:00+03:00</Date>
    <Purpose>Ut ornare cursus vestibulum facilisis dictum lectus vel ridiculus mus  sit per diam </Purpose>
    <NameCompany>Lorem luctus blandit</NameCompany>
    <UNP>000000414</UNP>
  </report>
  <report>
    <ClientId>18</ClientId>
    <BankCode>00000000000</BankCode>
    <CorrAccount>0000000000000000000000000000</CorrAccount>
    <Number>1291</Number>
    <Debit>0</Debit>
    <Credit>14.00</Credit>
    <Equivalent>14.00</Equivalent>
    <Date>2020-08-28T00:00:00+03:00</Date>
    <Purpose>tristique nullam nibh at litora rhoncus enim nisl scelerisque habitasse  Orci vel sollicitudin sem  commodo eleifend sed eros</Purpose>
    <NameCompany>Quisque montes </NameCompany>
    <UNP>000000153</UNP>
  </report>
  <report>
    <ClientId>137</ClientId>
    <BankCode>00000000000</BankCode>
    <CorrAccount>0000000000000000000000000000</CorrAccount>
    <Number>7052113</Number>
    <Debit>2.50</Debit>
    <Credit>0</Credit>
    <Equivalent>2.50</Equivalent>
    <Date>2020-08-31T00:00:00+03:00</Date>
    <Purpose>inceptos dapibus vehicula sapien  mauris laoreet rhoncus elementum duis class facilisi  maecenas</Purpose>
    <NameCompany>Vel porttitor laoreet</NameCompany>
    <UNP>000000510</UNP>
  </report>
  <report>
    <ClientId>78</ClientId>
    <BankCode>00000000000</BankCode>
    <CorrAccount>0000000000000000000000000000</CorrAccount>
    <Number>7029512</Number>
    <Debit>0</Debit>
    <Credit>0.12</Credit>
    <Equivalent>0.12</Equivalent>
    <Date>2020-08-31T00:00:00+03:00</Date>
    <Purpose>habitant  Quam lacinia parturient etiam fusce eget egestas risus rutrum proin malesuada ad  aenean id  fermentum sodales nisl donec</Purpose>
    <NameCompany>Primis  habitant</NameCompany>
    <UNP>000000333</UNP>
  </report>
  <report>
    <ClientId>65</ClientId>
    <BankCode>00000000000</BankCode>
    <CorrAccount>0000000000000000000000000000</CorrAccount>
    <Number>8865</Number>
    <Debit>0</Debit>
    <Credit>43.00</Credit>
    <Equivalent>43.00</Equivalent>
    <Date>2020-08-31T00:00:00+03:00</Date>
    <Purpose>porttitor luctus non  Cras euismod dis himenaeos blandit cubilia</Purpose>
    <NameCompany>Proin dis vel</NameCompany>
    <UNP>000000294</UNP>
  </report>
  <report>
    <ClientId>1</ClientId>
    <BankCode>00000000000</BankCode>
    <CorrAccount>0000000000000000000000000000</CorrAccount>
    <Number>13672</Number>
    <Debit>0</Debit>
    <Credit>234.00</Credit>
    <Equivalent>234.00</Equivalent>
    <Date>2020-09-02T00:00:00+03:00</Date>
    <Purpose>netus ipsum nisi  turpis vehicula lacus  auctor proin placerat hac sapien duis facilisi accumsan integer massa</Purpose>
    <NameCompany>Parturient finibus lectus</NameCompany>
    <UNP>000000102</UNP>
  </report>
  <report>
    <ClientId>21</ClientId>
    <BankCode>00000000000</BankCode>
    <CorrAccount>0000000000000000000000000000</CorrAccount>
    <Number>7122156</Number>
    <Debit>10.00</Debit>
    <Credit>0</Credit>
    <Equivalent>10.00</Equivalent>
    <Date>2020-09-04T00:00:00+03:00</Date>
    <Purpose> litora ullamcorper  vulputate senectus molestie ac tellus urna</Purpose>
    <NameCompany>Aptent facilisi placerat</NameCompany>
    <UNP>000000162</UNP>
  </report>
  <report>
    <ClientId>24</ClientId>
    <BankCode>00000000000</BankCode>
    <CorrAccount>0000000000000000000000000000</CorrAccount>
    <Number>17</Number>
    <Debit>275.00</Debit>
    <Credit>0</Credit>
    <Equivalent>275.00</Equivalent>
    <Date>2020-09-11T00:00:00+03:00</Date>
    <Purpose>erat enim  Convallis molestie lacus vehicula netus pharetra hendrerit  lacinia tincidunt mauris  vel volutpat himenaeos sagittis porttitor bibendum varius praesent</Purpose>
    <NameCompany>Pretium parturient </NameCompany>
    <UNP>000000171</UNP>
  </report>
  <report>
    <ClientId>16</ClientId>
    <BankCode>00000000000</BankCode>
    <CorrAccount>0000000000000000000000000000</CorrAccount>
    <Number>7176804</Number>
    <Debit>5.23</Debit>
    <Credit>0</Credit>
    <Equivalent>5.23</Equivalent>
    <Date>2020-09-11T00:00:00+03:00</Date>
    <Purpose> et massa cras inceptos  interdum maecenas egestas eleifend  Justo feugiat elit cursus diam proin leo curabitur ligula</Purpose>
    <NameCompany>Fusce consectetur </NameCompany>
    <UNP>000000147</UNP>
  </report>
  <report>
    <ClientId>114</ClientId>
    <BankCode>00000000000</BankCode>
    <CorrAccount>0000000000000000000000000000</CorrAccount>
    <Number>1034</Number>
    <Debit>0</Debit>
    <Credit>159.00</Credit>
    <Equivalent>159.00</Equivalent>
    <Date>2020-09-18T00:00:00+03:00</Date>
    <Purpose>lectus curae  fames  maximus libero sollicitudin ac a hendrerit massa pellentesque mollis vehicula  parturient posuere</Purpose>
    <NameCompany>Ridiculus dictumst </NameCompany>
    <UNP>000000441</UNP>
  </report>
  <report>
    <ClientId>122</ClientId>
    <BankCode>00000000000</BankCode>
    <CorrAccount>0000000000000000000000000000</CorrAccount>
    <Number>18</Number>
    <Debit>550.00</Debit>
    <Credit>0</Credit>
    <Equivalent>550.00</Equivalent>
    <Date>2020-09-25T00:00:00+03:00</Date>
    <Purpose>facilisis metus  donec per non consectetur volutpat Platea luctus sodales phasellus maecenas fermentum</Purpose>
    <NameCompany>Efficitur augue tempus</NameCompany>
    <UNP>000000465</UNP>
  </report>
  <report>
    <ClientId>10</ClientId>
    <BankCode>00000000000</BankCode>
    <CorrAccount>0000000000000000000000000000</CorrAccount>
    <Number>7252423</Number>
    <Debit>10.45</Debit>
    <Credit>0</Credit>
    <Equivalent>10.45</Equivalent>
    <Date>2020-09-25T00:00:00+03:00</Date>
    <Purpose>tempor mus  bibendum efficitur  finibus interdum nec id  nulla rutrum</Purpose>
    <NameCompany>Et sed </NameCompany>
    <UNP>000000129</UNP>
  </report>
  <report>
    <ClientId>2</ClientId>
    <BankCode>00000000000</BankCode>
    <CorrAccount>0000000000000000000000000000</CorrAccount>
    <Number>119</Number>
    <Debit>0</Debit>
    <Credit>56.00</Credit>
    <Equivalent>56.00</Equivalent>
    <Date>2020-09-25T00:00:00+03:00</Date>
    <Purpose>molestie dis dapibus venenatis  Quam potenti etiam sem rutrum vitae consectetur  montes fermentum pharetra placerat pretium leo  hendrerit</Purpose>
    <NameCompany>Dignissim eleifend tristique</NameCompany>
    <UNP>000000105</UNP>
  </report>
  <report>
    <ClientId>46</ClientId>
    <BankCode>00000000000</BankCode>
    <CorrAccount>0000000000000000000000000000</CorrAccount>
    <Number>319</Number>
    <Debit>0</Debit>
    <Credit>35.00</Credit>
    <Equivalent>35.00</Equivalent>
    <Date>2020-09-25T00:00:00+03:00</Date>
    <Purpose>penatibus molestie nisi neque pulvinar purus porta laoreet  cursus </Purpose>
    <NameCompany>Dui augue natoque</NameCompany>
    <UNP>000000237</UNP>
  </report>
  <report>
    <ClientId>159</ClientId>
    <BankCode>00000000000</BankCode>
    <CorrAccount>0000000000000000000000000000</CorrAccount>
    <Number>2275</Number>
    <Debit>0</Debit>
    <Credit>12.00</Credit>
    <Equivalent>12.00</Equivalent>
    <Date>2020-09-25T00:00:00+03:00</Date>
    <Purpose>Lorem consectetur sagittis justo feugiat nunc hendrerit inceptos non volutpat quam  nisl in egestas porta  dolor imperdiet vel facilisi </Purpose>
    <NameCompany>Hac sapien duis</NameCompany>
    <UNP>000000576</UNP>
  </report>
  <report>
    <ClientId>102</ClientId>
    <BankCode>00000000000</BankCode>
    <CorrAccount>0000000000000000000000000000</CorrAccount>
    <Number>9570</Number>
    <Debit>0</Debit>
    <Credit>97.00</Credit>
    <Equivalent>97.00</Equivalent>
    <Date>2020-09-25T00:00:00+03:00</Date>
    <Purpose>Vitae venenatis amet himenaeos vel magna orci  eget cras conubia natoque tempor  ullamcorper</Purpose>
    <NameCompany>Natoque nibh leo</NameCompany>
    <UNP>000000405</UNP>
  </report>
  <report>
    <ClientId>68</ClientId>
    <BankCode>00000000000</BankCode>
    <CorrAccount>0000000000000000000000000000</CorrAccount>
    <Number>9584</Number>
    <Debit>0</Debit>
    <Credit>204.00</Credit>
    <Equivalent>204.00</Equivalent>
    <Date>2020-09-25T00:00:00+03:00</Date>
    <Purpose>laoreet  dignissim sit sagittis platea per  Iaculis efficitur pretium nulla per sed himenaeos id</Purpose>
    <NameCompany>Consequat semper ornare</NameCompany>
    <UNP>000000303</UNP>
  </report>
  <report>
    <ClientId>36</ClientId>
    <BankCode>00000000000</BankCode>
    <CorrAccount>0000000000000000000000000000</CorrAccount>
    <Number>1896</Number>
    <Debit>0</Debit>
    <Credit>195.00</Credit>
    <Equivalent>195.00</Equivalent>
    <Date>2020-09-29T00:00:00+03:00</Date>
    <Purpose> rhoncus et  nullam ornare velit natoque purus congue primis penatibus pharetra  sit porttitor aliquet morbi  massa</Purpose>
    <NameCompany>Natoque cursus </NameCompany>
    <UNP>000000207</UNP>
  </report>
  <report>
    <ClientId>72</ClientId>
    <BankCode>00000000000</BankCode>
    <CorrAccount>0000000000000000000000000000</CorrAccount>
    <Number>203</Number>
    <Debit>0</Debit>
    <Credit>24.00</Credit>
    <Equivalent>24.00</Equivalent>
    <Date>2020-09-29T00:00:00+03:00</Date>
    <Purpose>metus netus sem  A enim habitasse varius aptent hac ligula erat bibendum eleifend</Purpose>
    <NameCompany>Pretium consectetur porta</NameCompany>
    <UNP>000000315</UNP>
  </report>
  <report>
    <ClientId>78</ClientId>
    <BankCode>00000000000</BankCode>
    <CorrAccount>0000000000000000000000000000</CorrAccount>
    <Number>7303108</Number>
    <Debit>2.50</Debit>
    <Credit>0</Credit>
    <Equivalent>2.50</Equivalent>
    <Date>2020-09-30T00:00:00+03:00</Date>
    <Purpose>sodales lorem auctor  platea  etiam fringilla cras fames integer non tincidunt laoreet in facilisis litora  Mus netus</Purpose>
    <NameCompany>Primis  habitant</NameCompany>
    <UNP>000000333</UNP>
  </report>
  <report>
    <ClientId>163</ClientId>
    <BankCode>00000000000</BankCode>
    <CorrAccount>0000000000000000000000000000</CorrAccount>
    <Number>7296550</Number>
    <Debit>0</Debit>
    <Credit>0.06</Credit>
    <Equivalent>0.06</Equivalent>
    <Date>2020-09-30T00:00:00+03:00</Date>
    <Purpose>aenean pulvinar  arcu sollicitudin tellus dictum suspendisse  ad lobortis gravida congue sapien</Purpose>
    <NameCompany>Hendrerit  lacinia</NameCompany>
    <UNP>000000588</UNP>
  </report>
  <report>
    <ClientId>80</ClientId>
    <BankCode>00000000000</BankCode>
    <CorrAccount>0000000000000000000000000000</CorrAccount>
    <Number>746</Number>
    <Debit>0</Debit>
    <Credit>121.00</Credit>
    <Equivalent>121.00</Equivalent>
    <Date>2020-09-30T00:00:00+03:00</Date>
    <Purpose>cursus ullamcorper  per consectetur  blandit penatibus lorem vehicula finibus  Torquent varius placerat felis viverra habitasse</Purpose>
    <NameCompany>Litora magnis ornare</NameCompany>
    <UNP>000000339</UNP>
  </report>
  <report>
    <ClientId>97</ClientId>
    <BankCode>00000000000</BankCode>
    <CorrAccount>0000000000000000000000000000</CorrAccount>
    <Number>22863</Number>
    <Debit>0</Debit>
    <Credit>59.00</Credit>
    <Equivalent>59.00</Equivalent>
    <Date>2020-10-02T00:00:00+03:00</Date>
    <Purpose>aptent adipiscing accumsan  himenaeos  magnis montes ac dapibus vel eget dignissim sagittis  ad facilisi</Purpose>
    <NameCompany>Lorem ipsum dolor</NameCompany>
    <UNP>000000390</UNP>
  </report>
  <report>
    <ClientId>165</ClientId>
    <BankCode>00000000000</BankCode>
    <CorrAccount>0000000000000000000000000000</CorrAccount>
    <Number>7399738</Number>
    <Debit>10.00</Debit>
    <Credit>0</Credit>
    <Equivalent>10.00</Equivalent>
    <Date>2020-10-06T00:00:00+03:00</Date>
    <Purpose>et habitant leo odio mollis tempus   Netus hac lectus egestas eleifend per justo nostra  quam</Purpose>
    <NameCompany>Varius praesent </NameCompany>
    <UNP>000000594</UNP>
  </report>
  <report>
    <ClientId>113</ClientId>
    <BankCode>00000000000</BankCode>
    <CorrAccount>0000000000000000000000000000</CorrAccount>
    <Number>20</Number>
    <Debit>755.00</Debit>
    <Credit>0</Credit>
    <Equivalent>755.00</Equivalent>
    <Date>2020-10-16T00:00:00+03:00</Date>
    <Purpose>primis leo fringilla ad et quisque  quis arcu mauris  penatibus</Purpose>
    <NameCompany>Mollis  venenatis</NameCompany>
    <UNP>000000438</UNP>
  </report>
  <report>
    <ClientId>11</ClientId>
    <BankCode>00000000000</BankCode>
    <CorrAccount>0000000000000000000000000000</CorrAccount>
    <Number>7462861</Number>
    <Debit>14.35</Debit>
    <Credit>0</Credit>
    <Equivalent>14.35</Equivalent>
    <Date>2020-10-16T00:00:00+03:00</Date>
    <Purpose>Parturient finibus lectus vehicula nisl blandit dignissim eleifend tristique   habitant fermentum torquent a</Purpose>
    <NameCompany>Non vestibulum </NameCompany>
    <UNP>000000132</UNP>
  </report>
  <report>
    <ClientId>145</ClientId>
    <BankCode>00000000000</BankCode>
    <CorrAccount>0000000000000000000000000000</CorrAccount>
    <Number>10367</Number>
    <Debit>0</Debit>
    <Credit>307.00</Credit>
    <Equivalent>307.00</Equivalent>
    <Date>2020-10-16T00:00:00+03:00</Date>
    <Purpose>curae adipiscing sed congue  suspendisse facilisis  himenaeos mi consectetur magnis dis</Purpose>
    <NameCompany>Vestibulum facilisis dictum</NameCompany>
    <UNP>000000534</UNP>
  </report>
  <report>
    <ClientId>71</ClientId>
    <BankCode>00000000000</BankCode>
    <CorrAccount>0000000000000000000000000000</CorrAccount>
    <Number>220</Number>
    <Debit>0</Debit>
    <Credit>73.00</Credit>
    <Equivalent>73.00</Equivalent>
    <Date>2020-10-16T00:00:00+03:00</Date>
    <Purpose> Auctor conubia bibendum varius sollicitudin  magna fermentum quis semper imperdiet  sodales</Purpose>
    <NameCompany>Interdum  cursus</NameCompany>
    <UNP>000000312</UNP>
  </report>
  <report>
    <ClientId>51</ClientId>
    <BankCode>00000000000</BankCode>
    <CorrAccount>0000000000000000000000000000</CorrAccount>
    <Number>805</Number>
    <Debit>0</Debit>
    <Credit>98.00</Credit>
    <Equivalent>98.00</Equivalent>
    <Date>2020-10-20T00:00:00+03:00</Date>
    <Purpose>venenatis commodo nulla hac mollis  justo ac dictum  laoreet vel mattis nisl ut a et sed  Amet ipsum tempus</Purpose>
    <NameCompany>Cursus nunc </NameCompany>
    <UNP>000000252</UNP>
  </report>
  <report>
    <ClientId>118</ClientId>
    <BankCode>00000000000</BankCode>
    <CorrAccount>0000000000000000000000000000</CorrAccount>
    <Number>7575085</Number>
    <Debit>2.50</Debit>
    <Credit>0</Credit>
    <Equivalent>2.50</Equivalent>
    <Date>2020-10-30T00:00:00+03:00</Date>
    <Purpose>non vestibulum  suscipit consectetur massa enim  imperdiet vulputate</Purpose>
    <NameCompany>Erat et ultrices</NameCompany>
    <UNP>000000453</UNP>
  </report>
  <report>
    <ClientId>8</ClientId>
    <BankCode>00000000000</BankCode>
    <CorrAccount>0000000000000000000000000000</CorrAccount>
    <Number>7556530</Number>
    <Debit>0</Debit>
    <Credit>0.10</Credit>
    <Equivalent>0.10</Equivalent>
    <Date>2020-10-30T00:00:00+03:00</Date>
    <Purpose>eget risus viverra feugiat dictum urna id   torquent turpis orci phasellus porttitor justo</Purpose>
    <NameCompany>Nulla hac mollis</NameCompany>
    <UNP>000000123</UNP>
  </report>
  <report>
    <ClientId>148</ClientId>
    <BankCode>00000000000</BankCode>
    <CorrAccount>0000000000000000000000000000</CorrAccount>
    <Number>11487</Number>
    <Debit>0</Debit>
    <Credit>36.00</Credit>
    <Equivalent>36.00</Equivalent>
    <Date>2020-10-30T00:00:00+03:00</Date>
    <Purpose>elit  Himenaeos semper condimentum lorem fusce consectetur  turpis massa phasellus potenti non ad praesent ultricies vulputate</Purpose>
    <NameCompany>Enim nisl scelerisque</NameCompany>
    <UNP>000000543</UNP>
  </report>
  <report>
    <ClientId>72</ClientId>
    <BankCode>00000000000</BankCode>
    <CorrAccount>0000000000000000000000000000</CorrAccount>
    <Number>11488</Number>
    <Debit>0</Debit>
    <Credit>12.00</Credit>
    <Equivalent>12.00</Equivalent>
    <Date>2020-10-30T00:00:00+03:00</Date>
    <Purpose>quisque montes  malesuada primis eleifend  ut elit commodo parturient etiam vel rutrum aliquam per scelerisque nulla dapibus</Purpose>
    <NameCompany>Pretium consectetur porta</NameCompany>
    <UNP>000000315</UNP>
  </report>
  <report>
    <ClientId>23</ClientId>
    <BankCode>00000000000</BankCode>
    <CorrAccount>0000000000000000000000000000</CorrAccount>
    <Number>7648997</Number>
    <Debit>10.00</Debit>
    <Credit>0</Credit>
    <Equivalent>10.00</Equivalent>
    <Date>2020-11-05T00:00:00+03:00</Date>
    <Purpose> Aptent facilisi placerat ex  feugiat at  elit himenaeos luctus mollis  Quam purus leo himenaeos a nisi</Purpose>
    <NameCompany>Leo himenaeos a</NameCompany>
    <UNP>000000168</UNP>
  </report>
  <report>
    <ClientId>138</ClientId>
    <BankCode>00000000000</BankCode>
    <CorrAccount>0000000000000000000000000000</CorrAccount>
    <Number>21</Number>
    <Debit>132.00</Debit>
    <Credit>0</Credit>
    <Equivalent>132.00</Equivalent>
    <Date>2020-11-09T00:00:00+03:00</Date>
    <Purpose>platea cursus pretium parturient   lacus fermentum orci nam mus nisl at odio facilisis bibendum </Purpose>
    <NameCompany>Proin  curae</NameCompany>
    <UNP>000000513</UNP>
  </report>
  <report>
    <ClientId>82</ClientId>
    <BankCode>00000000000</BankCode>
    <CorrAccount>0000000000000000000000000000</CorrAccount>
    <Number>7675299</Number>
    <Debit>2.51</Debit>
    <Credit>0</Credit>
    <Equivalent>2.51</Equivalent>
    <Date>2020-11-09T00:00:00+03:00</Date>
    <Purpose>mattis ad phasellus taciti maecenas justo enim vestibulum   Nulla erat ac aenean maecenas lorem iaculis sapien mi at platea placerat</Purpose>
    <NameCompany>Molestie scelerisque blandit</NameCompany>
    <UNP>000000345</UNP>
  </report>
  <report>
    <ClientId>42</ClientId>
    <BankCode>00000000000</BankCode>
    <CorrAccount>0000000000000000000000000000</CorrAccount>
    <Number>22</Number>
    <Debit>455.00</Debit>
    <Credit>0</Credit>
    <Equivalent>455.00</Equivalent>
    <Date>2020-11-16T00:00:00+03:00</Date>
    <Purpose>hac  consectetur ornare cubilia fames rhoncus   mauris primis suspendisse eget tincidunt  Odio vehicula malesuada dis massa at risus phasellus non</Purpose>
    <NameCompany>Cubilia  ante</NameCompany>
    <UNP>000000225</UNP>
  </report>
  <report>
    <ClientId>103</ClientId>
    <BankCode>00000000000</BankCode>
    <CorrAccount>0000000000000000000000000000</CorrAccount>
    <Number>7715946</Number>
    <Debit>8.65</Debit>
    <Credit>0</Credit>
    <Equivalent>8.65</Equivalent>
    <Date>2020-11-16T00:00:00+03:00</Date>
    <Purpose>sem  ligula sociosqu amet fames cubilia mollis per   Inceptos nulla maecenas curae libero</Purpose>
    <NameCompany>Morbi  ad</NameCompany>
    <UNP>000000408</UNP>
  </report>
  <report>
    <ClientId>142</ClientId>
    <BankCode>00000000000</BankCode>
    <CorrAccount>0000000000000000000000000000</CorrAccount>
    <Number>12120</Number>
    <Debit>0</Debit>
    <Credit>464.00</Credit>
    <Equivalent>464.00</Equivalent>
    <Date>2020-11-16T00:00:00+03:00</Date>
    <Purpose>ante natoque cursus  purus ultrices duis turpis facilisi nunc vel   quisque sociosqu eget blandit</Purpose>
    <NameCompany>Est conubia laoreet</NameCompany>
    <UNP>000000525</UNP>
  </report>
  <report>
    <ClientId>112</ClientId>
    <BankCode>00000000000</BankCode>
    <CorrAccount>0000000000000000000000000000</CorrAccount>
    <Number>2719</Number>
    <Debit>0</Debit>
    <Credit>12.00</Credit>
    <Equivalent>12.00</Equivalent>
    <Date>2020-11-17T00:00:00+03:00</Date>
    <Purpose>cubilia parturient  Eleifend dictumst cursus fringilla congue mi donec elementum  taciti malesuada  bibendum nisl</Purpose>
    <NameCompany>Suscipit augue luctus</NameCompany>
    <UNP>000000435</UNP>
  </report>
  <report>
    <ClientId>130</ClientId>
    <BankCode>00000000000</BankCode>
    <CorrAccount>0000000000000000000000000000</CorrAccount>
    <Number>1927</Number>
    <Debit>0</Debit>
    <Credit>49.00</Credit>
    <Equivalent>49.00</Equivalent>
    <Date>2020-11-20T00:00:00+03:00</Date>
    <Purpose>lacinia duis pretium augue dictum consectetur tempor cubilia  ante amet dapibus  habitant pellentesque iaculis blandit et  Eleifend</Purpose>
    <NameCompany>Non nostra quam</NameCompany>
    <UNP>000000489</UNP>
  </report>
  <report>
    <ClientId>72</ClientId>
    <BankCode>00000000000</BankCode>
    <CorrAccount>0000000000000000000000000000</CorrAccount>
    <Number>325135</Number>
    <Debit>0</Debit>
    <Credit>12.00</Credit>
    <Equivalent>12.00</Equivalent>
    <Date>2020-11-23T00:00:00+03:00</Date>
    <Purpose>duis litora placerat netus etiam suscipit aliquet mi aliquam   magnis leo dui augue natoque sagittis primis ad magna euismod</Purpose>
    <NameCompany>Pretium consectetur porta</NameCompany>
    <UNP>000000315</UNP>
  </report>
  <report>
    <ClientId>124</ClientId>
    <BankCode>00000000000</BankCode>
    <CorrAccount>0000000000000000000000000000</CorrAccount>
    <Number>401</Number>
    <Debit>0</Debit>
    <Credit>103.00</Credit>
    <Equivalent>103.00</Equivalent>
    <Date>2020-11-25T00:00:00+03:00</Date>
    <Purpose> neque venenatis porta nostra ultricies facilisi elit  hendrerit  Bibendum iaculis</Purpose>
    <NameCompany>Suspendisse at donec</NameCompany>
    <UNP>000000471</UNP>
  </report>
  <report>
    <ClientId>83</ClientId>
    <BankCode>00000000000</BankCode>
    <CorrAccount>0000000000000000000000000000</CorrAccount>
    <Number>320</Number>
    <Debit>0</Debit>
    <Credit>48.00</Credit>
    <Equivalent>48.00</Equivalent>
    <Date>2020-11-26T00:00:00+03:00</Date>
    <Purpose>dapibus odio magnis sociosqu proin nibh morbi posuere nulla integer cursus nunc</Purpose>
    <NameCompany>Sapien pretium morbi</NameCompany>
    <UNP>000000348</UNP>
  </report>
  <report>
    <ClientId>1</ClientId>
    <BankCode>00000000000</BankCode>
    <CorrAccount>0000000000000000000000000000</CorrAccount>
    <Number>7832003</Number>
    <Debit>2.50</Debit>
    <Credit>0</Credit>
    <Equivalent>2.50</Equivalent>
    <Date>2020-11-30T00:00:00+03:00</Date>
    <Purpose>  montes molestie accumsan sed dictumst dolor nec maecenas suspendisse malesuada imperdiet lorem  non conubia  consequat torquent ex sem mollis</Purpose>
    <NameCompany>Parturient finibus lectus</NameCompany>
    <UNP>000000102</UNP>
  </report>
  <report>
    <ClientId>62</ClientId>
    <BankCode>00000000000</BankCode>
    <CorrAccount>0000000000000000000000000000</CorrAccount>
    <Number>7806010</Number>
    <Debit>0</Debit>
    <Credit>0.04</Credit>
    <Equivalent>0.04</Equivalent>
    <Date>2020-11-30T00:00:00+03:00</Date>
    <Purpose>pulvinar lobortis lacus tellus mauris  Integer diam per cubilia risus class  nunc consectetur accumsan inceptos nascetur</Purpose>
    <NameCompany>Blandit adipiscing facilisi</NameCompany>
    <UNP>000000285</UNP>
  </report>
  <report>
    <ClientId>97</ClientId>
    <BankCode>00000000000</BankCode>
    <CorrAccount>0000000000000000000000000000</CorrAccount>
    <Number>875</Number>
    <Debit>0</Debit>
    <Credit>216.00</Credit>
    <Equivalent>216.00</Equivalent>
    <Date>2020-12-02T00:00:00+03:00</Date>
    <Purpose> platea maximus taciti consequat arcu sem turpis himenaeos odio ac   velit eleifend potenti</Purpose>
    <NameCompany>Lorem ipsum dolor</NameCompany>
    <UNP>000000390</UNP>
  </report>
  <report>
    <ClientId>111</ClientId>
    <BankCode>00000000000</BankCode>
    <CorrAccount>0000000000000000000000000000</CorrAccount>
    <Number>7910216</Number>
    <Debit>10.00</Debit>
    <Credit>0</Credit>
    <Equivalent>10.00</Equivalent>
    <Date>2020-12-07T00:00:00+03:00</Date>
    <Purpose>habitant semper cursus dictumst bibendum placerat  Tellus tempor semper pretium morbi  blandit adipiscing facilisi risus lacus </Purpose>
    <NameCompany>Tempus viverra efficitur</NameCompany>
    <UNP>000000432</UNP>
  </report>
  <report>
    <ClientId>69</ClientId>
    <BankCode>00000000000</BankCode>
    <CorrAccount>0000000000000000000000000000</CorrAccount>
    <Number>23</Number>
    <Debit>470.00</Debit>
    <Credit>0</Credit>
    <Equivalent>470.00</Equivalent>
    <Date>2020-12-09T00:00:00+03:00</Date>
    <Purpose>id a eros rutrum magna vestibulum pulvinar quam  aliquam natoque torquent  proin dis vel platea ultrices  Suscipit elit magnis amet</Purpose>
    <NameCompany>Accumsan rhoncus lobortis</NameCompany>
    <UNP>000000306</UNP>
  </report>
  <report>
    <ClientId>24</ClientId>
    <BankCode>00000000000</BankCode>
    <CorrAccount>0000000000000000000000000000</CorrAccount>
    <Number>7939458</Number>
    <Debit>8.93</Debit>
    <Credit>0</Credit>
    <Equivalent>8.93</Equivalent>
    <Date>2020-12-09T00:00:00+03:00</Date>
    <Purpose>sapien quam phasellus venenatis volutpat  ac taciti egestas consequat semper ornare   Nec ut venenatis accumsan rhoncus lobortis tellus tincidunt pellentesque </Purpose>
    <NameCompany>Pretium parturient </NameCompany>
    <UNP>000000171</UNP>
  </report>
  <report>
    <ClientId>63</ClientId>
    <BankCode>00000000000</BankCode>
    <CorrAccount>0000000000000000000000000000</CorrAccount>
    <Number>725</Number>
    <Debit>0</Debit>
    <Credit>55.00</Credit>
    <Equivalent>55.00</Equivalent>
    <Date>2020-12-09T00:00:00+03:00</Date>
    <Purpose>nostra commodo dis eu cubilia tempus  interdum  Cursus phasellus nascetur leo pretium</Purpose>
    <NameCompany>Id a eros</NameCompany>
    <UNP>000000288</UNP>
  </report>
  <report>
    <ClientId>121</ClientId>
    <BankCode>00000000000</BankCode>
    <CorrAccount>0000000000000000000000000000</CorrAccount>
    <Number>36903</Number>
    <Debit>0</Debit>
    <Credit>12.00</Credit>
    <Equivalent>12.00</Equivalent>
    <Date>2020-12-10T00:00:00+03:00</Date>
    <Purpose>consectetur porta parturient  pulvinar ad lacus lacinia vivamus  elementum ullamcorper </Purpose>
    <NameCompany>Tristique libero netus</NameCompany>
    <UNP>000000462</UNP>
  </report>
  <report>
    <ClientId>115</ClientId>
    <BankCode>00000000000</BankCode>
    <CorrAccount>0000000000000000000000000000</CorrAccount>
    <Number>1115</Number>
    <Debit>0</Debit>
    <Credit>12.00</Credit>
    <Equivalent>12.00</Equivalent>
    <Date>2020-12-14T00:00:00+03:00</Date>
    <Purpose>etiam dictumst elit rhoncus nullam netus  Convallis morbi tellus aenean ut justo</Purpose>
    <NameCompany>Ullamcorper taciti arcu</NameCompany>
    <UNP>000000444</UNP>
  </report>
  <report>
    <ClientId>20</ClientId>
    <BankCode>00000000000</BankCode>
    <CorrAccount>0000000000000000000000000000</CorrAccount>
    <Number>425</Number>
    <Debit>0</Debit>
    <Credit>245.00</Credit>
    <Equivalent>245.00</Equivalent>
    <Date>2020-12-17T00:00:00+03:00</Date>
    <Purpose>imperdiet  conubia orci  consequat pellentesque nisi ornare natoque iaculis accumsan finibus primis  habitant odio quam fusce  lacinia torquent faucibus</Purpose>
    <NameCompany>Rutrum aliquam per</NameCompany>
    <UNP>000000159</UNP>
  </report>
  <report>
    <ClientId>98</ClientId>
    <BankCode>00000000000</BankCode>
    <CorrAccount>0000000000000000000000000000</CorrAccount>
    <Number>256</Number>
    <Debit>0</Debit>
    <Credit>24.00</Credit>
    <Equivalent>24.00</Equivalent>
    <Date>2020-12-18T00:00:00+03:00</Date>
    <Purpose> Nam odio porta litora magnis ornare pulvinar libero fusce  eget sed inceptos volutpat  quisque eros molestie scelerisque blandit  sagittis porttitor</Purpose>
    <NameCompany>Adipiscing  elit</NameCompany>
    <UNP>000000393</UNP>
  </report>
  <report>
    <ClientId>75</ClientId>
    <BankCode>00000000000</BankCode>
    <CorrAccount>0000000000000000000000000000</CorrAccount>
    <Number>679</Number>
    <Debit>0</Debit>
    <Credit>28.00</Credit>
    <Equivalent>28.00</Equivalent>
    <Date>2020-12-21T00:00:00+03:00</Date>
    <Purpose>euismod sapien pretium morbi lobortis  Erat vitae  tempor faucibus vestibulum efficitur netus sapien fames inceptos rhoncus conubia  ridiculus leo</Purpose>
    <NameCompany>Convallis morbi tellus</NameCompany>
    <UNP>000000324</UNP>
  </report>
  <report>
    <ClientId>31</ClientId>
    <BankCode>00000000000</BankCode>
    <CorrAccount>0000000000000000000000000000</CorrAccount>
    <Number>983</Number>
    <Debit>0</Debit>
    <Credit>154.00</Credit>
    <Equivalent>154.00</Equivalent>
    <Date>2020-12-21T00:00:00+03:00</Date>
    <Purpose>sagittis dignissim  ad risus venenatis hendrerit sollicitudin iaculis  nibh pellentesque sociosqu</Purpose>
    <NameCompany>Mauris primis suspendisse</NameCompany>
    <UNP>000000192</UNP>
  </report>
  <report>
    <ClientId>47</ClientId>
    <BankCode>00000000000</BankCode>
    <CorrAccount>0000000000000000000000000000</CorrAccount>
    <Number>24</Number>
    <Debit>470.00</Debit>
    <Credit>0</Credit>
    <Equivalent>470.00</Equivalent>
    <Date>2020-12-23T00:00:00+03:00</Date>
    <Purpose>bibendum viverra auctor in amet diam  habitasse  Dui euismod vitae mi condimentum</Purpose>
    <NameCompany>Magna euismod </NameCompany>
    <UNP>000000240</UNP>
  </report>
  <report>
    <ClientId>154</ClientId>
    <BankCode>00000000000</BankCode>
    <CorrAccount>0000000000000000000000000000</CorrAccount>
    <Number>8018499</Number>
    <Debit>8.93</Debit>
    <Credit>0</Credit>
    <Equivalent>8.93</Equivalent>
    <Date>2020-12-23T00:00:00+03:00</Date>
    <Purpose>netus ut nostra curae lacus  risus eleifend etiam auctor diam</Purpose>
    <NameCompany>Rutrum proin malesuada</NameCompany>
    <UNP>000000561</UNP>
  </report>
  <report>
    <ClientId>138</ClientId>
    <BankCode>00000000000</BankCode>
    <CorrAccount>0000000000000000000000000000</CorrAccount>
    <Number>1359</Number>
    <Debit>0</Debit>
    <Credit>155.00</Credit>
    <Equivalent>155.00</Equivalent>
    <Date>2020-12-24T00:00:00+03:00</Date>
    <Purpose>nunc  bibendum curabitur purus et  ipsum arcu cursus integer malesuada</Purpose>
    <NameCompany>Proin  curae</NameCompany>
    <UNP>000000513</UNP>
  </report>
  <report>
    <ClientId>24</ClientId>
    <BankCode>00000000000</BankCode>
    <CorrAccount>0000000000000000000000000000</CorrAccount>
    <Number>13861</Number>
    <Debit>0</Debit>
    <Credit>235.00</Credit>
    <Equivalent>235.00</Equivalent>
    <Date>2020-12-24T00:00:00+03:00</Date>
    <Purpose>mauris finibus lorem  Laoreet eu sodales non  imperdiet mi massa condimentum risus molestie  neque dui per elit convallis nascetur eleifend </Purpose>
    <NameCompany>Pretium parturient </NameCompany>
    <UNP>000000171</UNP>
  </report>
  <report>
    <ClientId>115</ClientId>
    <BankCode>00000000000</BankCode>
    <CorrAccount>0000000000000000000000000000</CorrAccount>
    <Number>14183</Number>
    <Debit>0</Debit>
    <Credit>498.00</Credit>
    <Equivalent>498.00</Equivalent>
    <Date>2020-12-24T00:00:00+03:00</Date>
    <Purpose>Lorem ipsum dolor sit amet consectetur adipiscing  elit ultricies facilisi nibh sagittis leo  orci id volutpat rutrum  sollicitudin  Cursus</Purpose>
    <NameCompany>Ullamcorper taciti arcu</NameCompany>
    <UNP>000000444</UNP>
  </report>
  <report>
    <ClientId>17</ClientId>
    <BankCode>00000000000</BankCode>
    <CorrAccount>0000000000000000000000000000</CorrAccount>
    <Number>2341</Number>
    <Debit>0</Debit>
    <Credit>12.00</Credit>
    <Equivalent>12.00</Equivalent>
    <Date>2020-12-28T00:00:00+03:00</Date>
    <Purpose>imperdiet porta hac fermentum id risus primis suscipit natoque nibh leo  sodales litora sit morbi  ad libero per hendrerit porttitor quam</Purpose>
    <NameCompany>Potenti non ad</NameCompany>
    <UNP>000000150</UNP>
  </report>
  <report>
    <ClientId>37</ClientId>
    <BankCode>00000000000</BankCode>
    <CorrAccount>0000000000000000000000000000</CorrAccount>
    <Number>8099223</Number>
    <Debit>2.50</Debit>
    <Credit>0</Credit>
    <Equivalent>2.50</Equivalent>
    <Date>2020-12-31T00:00:00+03:00</Date>
    <Purpose>tellus dignissim  laoreet aptent lorem luctus blandit proin integer rhoncus  lacus pharetra  Lacus inceptos dolor consequat tellus eu dui</Purpose>
    <NameCompany>Turpis facilisi nunc</NameCompany>
    <UNP>000000210</UNP>
  </report>
  <report>
    <ClientId>52</ClientId>
    <BankCode>00000000000</BankCode>
    <CorrAccount>0000000000000000000000000000</CorrAccount>
    <Number>25</Number>
    <Debit>900.00</Debit>
    <Credit>0</Credit>
    <Equivalent>900.00</Equivalent>
    <Date>2020-12-31T00:00:00+03:00</Date>
    <Purpose>pellentesque class  taciti convallis aliquam magna fusce  tempor suscipit arcu  etiam auctor adipiscing purus per magnis posuere  Et varius tempus</Purpose>
    <NameCompany>Sed dictumst dolor</NameCompany>
    <UNP>000000255</UNP>
  </report>
  <report>
    <ClientId>4</ClientId>
    <BankCode>00000000000</BankCode>
    <CorrAccount>0000000000000000000000000000</CorrAccount>
    <Number>8103985</Number>
    <Debit>17.10</Debit>
    <Credit>0</Credit>
    <Equivalent>17.10</Equivalent>
    <Date>2020-12-31T00:00:00+03:00</Date>
    <Purpose>viverra efficitur lectus odio  suscipit augue luctus sapien sodales id mollis  venenatis ligula sed commodo ridiculus dictumst  Class adipiscing  ullamcorper</Purpose>
    <NameCompany>Suspendisse facilisis </NameCompany>
    <UNP>000000111</UNP>
  </report>
  <report>
    <ClientId>57</ClientId>
    <BankCode>00000000000</BankCode>
    <CorrAccount>0000000000000000000000000000</CorrAccount>
    <Number>1009</Number>
    <Debit>0</Debit>
    <Credit>36.00</Credit>
    <Equivalent>36.00</Equivalent>
    <Date>2020-12-31T00:00:00+03:00</Date>
    <Purpose>taciti arcu hac augue eros auctor phasellus scelerisque imperdiet maximus  ipsum netus fermentum magnis  vestibulum ad erat et</Purpose>
    <NameCompany>Accumsan inceptos nascetur</NameCompany>
    <UNP>000000270</UNP>
  </report>
  <report>
    <ClientId>21</ClientId>
    <BankCode>00000000000</BankCode>
    <CorrAccount>0000000000000000000000000000</CorrAccount>
    <Number>8077360</Number>
    <Debit>0</Debit>
    <Credit>0.15</Credit>
    <Equivalent>0.15</Equivalent>
    <Date>2020-12-31T00:00:00+03:00</Date>
    <Purpose>ultrices turpis  Magna sociosqu facilisis laoreet metus euismod natoque  odio ornare leo rutrum  tincidunt</Purpose>
    <NameCompany>Aptent facilisi placerat</NameCompany>
    <UNP>000000162</UNP>
  </report>
  <report>
    <ClientId>165</ClientId>
    <BankCode>00000000000</BankCode>
    <CorrAccount>0000000000000000000000000000</CorrAccount>
    <Number>409</Number>
    <Debit>0</Debit>
    <Credit>36.00</Credit>
    <Equivalent>36.00</Equivalent>
    <Date>2020-12-31T00:00:00+03:00</Date>
    <Purpose> tristique libero netus tellus velit  Efficitur augue tempus phasellus sodales amet</Purpose>
    <NameCompany>Varius praesent </NameCompany>
    <UNP>000000594</UNP>
  </report>
  <report>
    <ClientId>16</ClientId>
    <BankCode>00000000000</BankCode>
    <CorrAccount>0000000000000000000000000000</CorrAccount>
    <Number>8173210</Number>
    <Debit>10.00</Debit>
    <Credit>0</Credit>
    <Equivalent>10.00</Equivalent>
    <Date>2021-01-11T00:00:00+03:00</Date>
    <Purpose>aenean commodo erat scelerisque  in habitasse suspendisse at donec  vehicula sociosqu praesent potenti  vel</Purpose>
    <NameCompany>Fusce consectetur </NameCompany>
    <UNP>000000147</UNP>
  </report>
  <report>
    <ClientId>23</ClientId>
    <BankCode>00000000000</BankCode>
    <CorrAccount>0000000000000000000000000000</CorrAccount>
    <Number>23686</Number>
    <Debit>0</Debit>
    <Credit>44.00</Credit>
    <Equivalent>44.00</Equivalent>
    <Date>2021-01-14T00:00:00+03:00</Date>
    <Purpose>dignissim bibendum ornare curabitur facilisi quis lorem  Vivamus curae  imperdiet nisl sed maecenas sit cursus nunc aenean</Purpose>
    <NameCompany>Leo himenaeos a</NameCompany>
    <UNP>000000168</UNP>
  </report>
  <report>
    <ClientId>101</ClientId>
    <BankCode>00000000000</BankCode>
    <CorrAccount>0000000000000000000000000000</CorrAccount>
    <Number>23695</Number>
    <Debit>0</Debit>
    <Credit>39.00</Credit>
    <Equivalent>39.00</Equivalent>
    <Date>2021-01-15T00:00:00+03:00</Date>
    <Purpose>at  conubia taciti ut risus nascetur class primis facilisis</Purpose>
    <NameCompany>Hac fermentum id</NameCompany>
    <UNP>000000402</UNP>
  </report>
  <report>
    <ClientId>78</ClientId>
    <BankCode>00000000000</BankCode>
    <CorrAccount>0000000000000000000000000000</CorrAccount>
    <Number>35</Number>
    <Debit>0</Debit>
    <Credit>82.00</Credit>
    <Equivalent>82.00</Equivalent>
    <Date>2021-01-20T00:00:00+03:00</Date>
    <Purpose>amet   Non nostra quam magna accumsan habitasse dapibus morbi pellentesque  mollis orci tincidunt senectus libero</Purpose>
    <NameCompany>Primis  habitant</NameCompany>
    <UNP>000000333</UNP>
  </report>
  <report>
    <ClientId>66</ClientId>
    <BankCode>00000000000</BankCode>
    <CorrAccount>0000000000000000000000000000</CorrAccount>
    <Number>1</Number>
    <Debit>149.56</Debit>
    <Credit>0</Credit>
    <Equivalent>149.56</Equivalent>
    <Date>2021-01-22T00:00:00+03:00</Date>
    <Purpose>lorem  praesent ultrices nam  adipiscing ridiculus lobortis suspendisse eleifend facilisi vestibulum  Semper</Purpose>
    <NameCompany>Suscipit elit magnis</NameCompany>
    <UNP>000000297</UNP>
  </report>
  <report>
    <ClientId>23</ClientId>
    <BankCode>00000000000</BankCode>
    <CorrAccount>0000000000000000000000000000</CorrAccount>
    <Number>184</Number>
    <Debit>0</Debit>
    <Credit>25.00</Credit>
    <Equivalent>25.00</Equivalent>
    <Date>2021-01-25T00:00:00+03:00</Date>
    <Purpose>augue faucibus  posuere dictumst sem facilisi aenean pellentesque quis blandit  cras scelerisque sollicitudin</Purpose>
    <NameCompany>Leo himenaeos a</NameCompany>
    <UNP>000000168</UNP>
  </report>
  <report>
    <ClientId>115</ClientId>
    <BankCode>00000000000</BankCode>
    <CorrAccount>0000000000000000000000000000</CorrAccount>
    <Number>16</Number>
    <Debit>0</Debit>
    <Credit>41.00</Credit>
    <Equivalent>41.00</Equivalent>
    <Date>2021-01-27T00:00:00+03:00</Date>
    <Purpose>vel porttitor laoreet  cubilia luctus sociosqu proin  curae inceptos est vestibulum praesent</Purpose>
    <NameCompany>Ullamcorper taciti arcu</NameCompany>
    <UNP>000000444</UNP>
  </report>
  <report>
    <ClientId>13</ClientId>
    <BankCode>00000000000</BankCode>
    <CorrAccount>0000000000000000000000000000</CorrAccount>
    <Number>95</Number>
    <Debit>0</Debit>
    <Credit>62.00</Credit>
    <Equivalent>62.00</Equivalent>
    <Date>2021-01-28T00:00:00+03:00</Date>
    <Purpose>fusce parturient cursus integer  Litora lacus  interdum euismod etiam ut nam quisque vitae  dictum id est conubia laoreet nibh parturient lorem</Purpose>
    <NameCompany>Viverra feugiat dictum</NameCompany>
    <UNP>000000138</UNP>
  </report>
  <report>
    <ClientId>135</ClientId>
    <BankCode>00000000000</BankCode>
    <CorrAccount>0000000000000000000000000000</CorrAccount>
    <Number>139</Number>
    <Debit>0</Debit>
    <Credit>295.00</Credit>
    <Equivalent>295.00</Equivalent>
    <Date>2021-01-28T00:00:00+03:00</Date>
    <Purpose>metus  enim sed  sagittis convallis ornare vestibulum feugiat  Ut ornare cursus vestibulum facilisis</Purpose>
    <NameCompany>Posuere dictumst sem</NameCompany>
    <UNP>000000504</UNP>
  </report>
  <report>
    <ClientId>102</ClientId>
    <BankCode>00000000000</BankCode>
    <CorrAccount>0000000000000000000000000000</CorrAccount>
    <Number>8326367</Number>
    <Debit>2.50</Debit>
    <Credit>0</Credit>
    <Equivalent>2.50</Equivalent>
    <Date>2021-01-29T00:00:00+03:00</Date>
    <Purpose>dictum lectus vel ridiculus mus  sit per diam  tristique nullam nibh at litora rhoncus enim nisl scelerisque habitasse  Orci</Purpose>
    <NameCompany>Natoque nibh leo</NameCompany>
    <UNP>000000405</UNP>
  </report>
  <report>
    <ClientId>18</ClientId>
    <BankCode>00000000000</BankCode>
    <CorrAccount>0000000000000000000000000000</CorrAccount>
    <Number>8303751</Number>
    <Debit>0</Debit>
    <Credit>0.05</Credit>
    <Equivalent>0.05</Equivalent>
    <Date>2021-01-29T00:00:00+03:00</Date>
    <Purpose>vel sollicitudin sem  commodo eleifend sed eros inceptos dapibus vehicula sapien  mauris laoreet rhoncus elementum duis class facilisi </Purpose>
    <NameCompany>Quisque montes </NameCompany>
    <UNP>000000153</UNP>
  </report>
  <report>
    <ClientId>7</ClientId>
    <BankCode>00000000000</BankCode>
    <CorrAccount>0000000000000000000000000000</CorrAccount>
    <Number>1</Number>
    <Debit>470.00</Debit>
    <Credit>0</Credit>
    <Equivalent>470.00</Equivalent>
    <Date>2021-02-01T00:00:00+03:00</Date>
    <Purpose>maecenas habitant  Quam lacinia parturient etiam fusce eget egestas risus rutrum proin malesuada</Purpose>
    <NameCompany>Semper imperdiet </NameCompany>
    <UNP>000000120</UNP>
  </report>
  <report>
    <ClientId>97</ClientId>
    <BankCode>00000000000</BankCode>
    <CorrAccount>0000000000000000000000000000</CorrAccount>
    <Number>8362815</Number>
    <Debit>8.93</Debit>
    <Credit>0</Credit>
    <Equivalent>8.93</Equivalent>
    <Date>2021-02-01T00:00:00+03:00</Date>
    <Purpose>ad  aenean id  fermentum sodales nisl donec porttitor luctus non  Cras euismod dis himenaeos blandit</Purpose>
    <NameCompany>Lorem ipsum dolor</NameCompany>
    <UNP>000000390</UNP>
  </report>
  <report>
    <ClientId>161</ClientId>
    <BankCode>00000000000</BankCode>
    <CorrAccount>0000000000000000000000000000</CorrAccount>
    <Number>8400391</Number>
    <Debit>10.00</Debit>
    <Credit>0</Credit>
    <Equivalent>10.00</Equivalent>
    <Date>2021-02-04T00:00:00+03:00</Date>
    <Purpose>cubilia netus ipsum nisi  turpis vehicula lacus  auctor proin placerat hac sapien duis facilisi accumsan</Purpose>
    <NameCompany>Molestie ac tellus</NameCompany>
    <UNP>000000582</UNP>
  </report>
  <report>
    <ClientId>81</ClientId>
    <BankCode>00000000000</BankCode>
    <CorrAccount>0000000000000000000000000000</CorrAccount>
    <Number>52</Number>
    <Debit>0</Debit>
    <Credit>65.00</Credit>
    <Equivalent>65.00</Equivalent>
    <Date>2021-02-04T00:00:00+03:00</Date>
    <Purpose>integer massa  litora ullamcorper  vulputate senectus molestie ac tellus urna erat enim  Convallis</Purpose>
    <NameCompany>Eget sed inceptos</NameCompany>
    <UNP>000000342</UNP>
  </report>
  <report>
    <ClientId>15</ClientId>
    <BankCode>00000000000</BankCode>
    <CorrAccount>0000000000000000000000000000</CorrAccount>
    <Number>48</Number>
    <Debit>0</Debit>
    <Credit>24.00</Credit>
    <Equivalent>24.00</Equivalent>
    <Date>2021-02-04T00:00:00+03:00</Date>
    <Purpose>molestie lacus vehicula netus pharetra hendrerit  lacinia tincidunt mauris  vel volutpat himenaeos sagittis porttitor bibendum varius praesent  et</Purpose>
    <NameCompany>Elit  himenaeos</NameCompany>
    <UNP>000000144</UNP>
  </report>
  <report>
    <ClientId>56</ClientId>
    <BankCode>00000000000</BankCode>
    <CorrAccount>0000000000000000000000000000</CorrAccount>
    <Number>71</Number>
    <Debit>0</Debit>
    <Credit>50.00</Credit>
    <Equivalent>50.00</Equivalent>
    <Date>2021-02-05T00:00:00+03:00</Date>
    <Purpose>massa cras inceptos  interdum maecenas egestas eleifend  Justo feugiat elit cursus diam proin leo curabitur ligula lectus curae</Purpose>
    <NameCompany>Per cubilia risus</NameCompany>
    <UNP>000000267</UNP>
  </report>
  <report>
    <ClientId>3</ClientId>
    <BankCode>00000000000</BankCode>
    <CorrAccount>0000000000000000000000000000</CorrAccount>
    <Number>26</Number>
    <Debit>0</Debit>
    <Credit>30.00</Credit>
    <Equivalent>30.00</Equivalent>
    <Date>2021-02-05T00:00:00+03:00</Date>
    <Purpose> fames  maximus libero sollicitudin ac a hendrerit massa pellentesque mollis vehicula  parturient</Purpose>
    <NameCompany>A curae adipiscing</NameCompany>
    <UNP>000000108</UNP>
  </report>
  <report>
    <ClientId>9</ClientId>
    <BankCode>00000000000</BankCode>
    <CorrAccount>0000000000000000000000000000</CorrAccount>
    <Number>53</Number>
    <Debit>0</Debit>
    <Credit>80.00</Credit>
    <Equivalent>80.00</Equivalent>
    <Date>2021-02-10T00:00:00+03:00</Date>
    <Purpose>posuere facilisis metus  donec per non consectetur volutpat Platea luctus sodales phasellus maecenas fermentum tempor mus </Purpose>
    <NameCompany>Laoreet vel mattis</NameCompany>
    <UNP>000000126</UNP>
  </report>
  <report>
    <ClientId>56</ClientId>
    <BankCode>00000000000</BankCode>
    <CorrAccount>0000000000000000000000000000</CorrAccount>
    <Number>211</Number>
    <Debit>0</Debit>
    <Credit>12.00</Credit>
    <Equivalent>12.00</Equivalent>
    <Date>2021-02-10T00:00:00+03:00</Date>
    <Purpose>bibendum efficitur  finibus interdum nec id  nulla rutrum molestie dis dapibus venenatis  Quam potenti etiam sem rutrum</Purpose>
    <NameCompany>Per cubilia risus</NameCompany>
    <UNP>000000267</UNP>
  </report>
  <report>
    <ClientId>75</ClientId>
    <BankCode>00000000000</BankCode>
    <CorrAccount>0000000000000000000000000000</CorrAccount>
    <Number>326</Number>
    <Debit>0</Debit>
    <Credit>154.00</Credit>
    <Equivalent>154.00</Equivalent>
    <Date>2021-02-16T00:00:00+03:00</Date>
    <Purpose>vitae consectetur  montes fermentum pharetra placerat pretium leo  hendrerit penatibus molestie nisi neque pulvinar purus porta</Purpose>
    <NameCompany>Convallis morbi tellus</NameCompany>
    <UNP>000000324</UNP>
  </report>
  <report>
    <ClientId>87</ClientId>
    <BankCode>00000000000</BankCode>
    <CorrAccount>0000000000000000000000000000</CorrAccount>
    <Number>133</Number>
    <Debit>0</Debit>
    <Credit>183.00</Credit>
    <Equivalent>183.00</Equivalent>
    <Date>2021-02-18T00:00:00+03:00</Date>
    <Purpose>laoreet  cursus  Lorem consectetur sagittis justo feugiat nunc hendrerit inceptos non volutpat quam  nisl in egestas porta  dolor</Purpose>
    <NameCompany>Hendrerit sollicitudin iaculis</NameCompany>
    <UNP>000000360</UNP>
  </report>
  <report>
    <ClientId>118</ClientId>
    <BankCode>00000000000</BankCode>
    <CorrAccount>0000000000000000000000000000</CorrAccount>
    <Number>2</Number>
    <Debit>400.00</Debit>
    <Credit>0</Credit>
    <Equivalent>400.00</Equivalent>
    <Date>2021-02-24T00:00:00+03:00</Date>
    <Purpose>imperdiet vel facilisi  Vitae venenatis amet himenaeos vel magna orci  eget cras conubia natoque tempor  ullamcorper laoreet  dignissim sit sagittis</Purpose>
    <NameCompany>Erat et ultrices</NameCompany>
    <UNP>000000453</UNP>
  </report>
  <report>
    <ClientId>52</ClientId>
    <BankCode>00000000000</BankCode>
    <CorrAccount>0000000000000000000000000000</CorrAccount>
    <Number>8503761</Number>
    <Debit>7.60</Debit>
    <Credit>0</Credit>
    <Equivalent>7.60</Equivalent>
    <Date>2021-02-24T00:00:00+03:00</Date>
    <Purpose>platea per  Iaculis efficitur pretium nulla per sed himenaeos id  rhoncus et  nullam ornare velit natoque purus</Purpose>
    <NameCompany>Sed dictumst dolor</NameCompany>
    <UNP>000000255</UNP>
  </report>
  <report>
    <ClientId>145</ClientId>
    <BankCode>00000000000</BankCode>
    <CorrAccount>0000000000000000000000000000</CorrAccount>
    <Number>8555844</Number>
    <Debit>2.50</Debit>
    <Credit>0</Credit>
    <Equivalent>2.50</Equivalent>
    <Date>2021-02-26T00:00:00+03:00</Date>
    <Purpose>congue primis penatibus pharetra  sit porttitor aliquet morbi  massa metus netus sem </Purpose>
    <NameCompany>Vestibulum facilisis dictum</NameCompany>
    <UNP>000000534</UNP>
  </report>
  <report>
    <ClientId>153</ClientId>
    <BankCode>00000000000</BankCode>
    <CorrAccount>0000000000000000000000000000</CorrAccount>
    <Number>1162</Number>
    <Debit>0</Debit>
    <Credit>195.00</Credit>
    <Equivalent>195.00</Equivalent>
    <Date>2021-02-26T00:00:00+03:00</Date>
    <Purpose>A enim habitasse varius aptent hac ligula erat bibendum eleifend sodales lorem auctor  platea  etiam fringilla cras fames</Purpose>
    <NameCompany>Parturient etiam fusce</NameCompany>
    <UNP>000000558</UNP>
  </report>
  <report>
    <ClientId>145</ClientId>
    <BankCode>00000000000</BankCode>
    <CorrAccount>0000000000000000000000000000</CorrAccount>
    <Number>8541360</Number>
    <Debit>0</Debit>
    <Credit>0.11</Credit>
    <Equivalent>0.11</Equivalent>
    <Date>2021-02-26T00:00:00+03:00</Date>
    <Purpose>integer non tincidunt laoreet in facilisis litora  Mus netus aenean pulvinar</Purpose>
    <NameCompany>Vestibulum facilisis dictum</NameCompany>
    <UNP>000000534</UNP>
  </report>
  <report>
    <ClientId>20</ClientId>
    <BankCode>00000000000</BankCode>
    <CorrAccount>0000000000000000000000000000</CorrAccount>
    <Number>2</Number>
    <Debit>370.00</Debit>
    <Credit>0</Credit>
    <Equivalent>370.00</Equivalent>
    <Date>2021-03-01T00:00:00+03:00</Date>
    <Purpose> arcu sollicitudin tellus dictum suspendisse  ad lobortis gravida congue sapien cursus ullamcorper</Purpose>
    <NameCompany>Rutrum aliquam per</NameCompany>
    <UNP>000000159</UNP>
  </report>
  <report>
    <ClientId>74</ClientId>
    <BankCode>00000000000</BankCode>
    <CorrAccount>0000000000000000000000000000</CorrAccount>
    <Number>8642270</Number>
    <Debit>3.07</Debit>
    <Credit>0</Credit>
    <Equivalent>3.07</Equivalent>
    <Date>2021-03-04T00:00:00+03:00</Date>
    <Purpose> per consectetur  blandit penatibus lorem vehicula finibus  Torquent varius placerat felis viverra habitasse aptent adipiscing accumsan  himenaeos </Purpose>
    <NameCompany>Etiam dictumst elit</NameCompany>
    <UNP>000000321</UNP>
  </report>
  <report>
    <ClientId>4</ClientId>
    <BankCode>00000000000</BankCode>
    <CorrAccount>0000000000000000000000000000</CorrAccount>
    <Number>8661728</Number>
    <Debit>6.93</Debit>
    <Credit>0</Credit>
    <Equivalent>6.93</Equivalent>
    <Date>2021-03-09T00:00:00+03:00</Date>
    <Purpose>magnis montes ac dapibus vel eget dignissim sagittis  ad</Purpose>
    <NameCompany>Suspendisse facilisis </NameCompany>
    <UNP>000000111</UNP>
  </report>
  <report>
    <ClientId>8</ClientId>
    <BankCode>00000000000</BankCode>
    <CorrAccount>0000000000000000000000000000</CorrAccount>
    <Number>249</Number>
    <Debit>0</Debit>
    <Credit>12.00</Credit>
    <Equivalent>12.00</Equivalent>
    <Date>2021-03-09T00:00:00+03:00</Date>
    <Purpose>facilisi et habitant leo odio mollis tempus   Netus hac lectus egestas eleifend per justo nostra  quam primis leo fringilla ad et</Purpose>
    <NameCompany>Nulla hac mollis</NameCompany>
    <UNP>000000123</UNP>
  </report>
  <report>
    <ClientId>11</ClientId>
    <BankCode>00000000000</BankCode>
    <CorrAccount>0000000000000000000000000000</CorrAccount>
    <Number>89</Number>
    <Debit>0</Debit>
    <Credit>94.00</Credit>
    <Equivalent>94.00</Equivalent>
    <Date>2021-03-15T00:00:00+03:00</Date>
    <Purpose>quisque  quis arcu mauris  penatibus platea tortor  Est ac mollis bibendum felis suscipit odio natoque  non in luctus gravida</Purpose>
    <NameCompany>Non vestibulum </NameCompany>
    <UNP>000000132</UNP>
  </report>
  <report>
    <ClientId>49</ClientId>
    <BankCode>00000000000</BankCode>
    <CorrAccount>0000000000000000000000000000</CorrAccount>
    <Number>222</Number>
    <Debit>0</Debit>
    <Credit>110.00</Credit>
    <Equivalent>110.00</Equivalent>
    <Date>2021-03-18T00:00:00+03:00</Date>
    <Purpose>Parturient finibus lectus vehicula nisl blandit dignissim eleifend tristique   habitant fermentum torquent a</Purpose>
    <NameCompany>Bibendum iaculis dapibus</NameCompany>
    <UNP>000000246</UNP>
  </report>
  <report>
    <ClientId>2</ClientId>
    <BankCode>00000000000</BankCode>
    <CorrAccount>0000000000000000000000000000</CorrAccount>
    <Number>642</Number>
    <Debit>0</Debit>
    <Credit>12.00</Credit>
    <Equivalent>12.00</Equivalent>
    <Date>2021-03-23T00:00:00+03:00</Date>
    <Purpose>curae adipiscing sed congue  suspendisse facilisis  himenaeos mi consectetur magnis dis  Auctor conubia bibendum varius sollicitudin  magna fermentum quis semper</Purpose>
    <NameCompany>Dignissim eleifend tristique</NameCompany>
    <UNP>000000105</UNP>
  </report>
  <report>
    <ClientId>49</ClientId>
    <BankCode>00000000000</BankCode>
    <CorrAccount>0000000000000000000000000000</CorrAccount>
    <Number>3</Number>
    <Debit>215.00</Debit>
    <Credit>0</Credit>
    <Equivalent>215.00</Equivalent>
    <Date>2021-03-24T00:00:00+03:00</Date>
    <Purpose>imperdiet  sodales venenatis commodo nulla hac mollis  justo ac dictum  laoreet vel mattis nisl ut a et sed</Purpose>
    <NameCompany>Bibendum iaculis dapibus</NameCompany>
    <UNP>000000246</UNP>
  </report>
  <report>
    <ClientId>151</ClientId>
    <BankCode>00000000000</BankCode>
    <CorrAccount>0000000000000000000000000000</CorrAccount>
    <Number>8739777</Number>
    <Debit>4.09</Debit>
    <Credit>0</Credit>
    <Equivalent>4.09</Equivalent>
    <Date>2021-03-24T00:00:00+03:00</Date>
    <Purpose> Amet ipsum tempus non vestibulum  suscipit consectetur massa enim  imperdiet vulputate</Purpose>
    <NameCompany>Mauris laoreet rhoncus</NameCompany>
    <UNP>000000552</UNP>
  </report>
  <report>
    <ClientId>18</ClientId>
    <BankCode>00000000000</BankCode>
    <CorrAccount>0000000000000000000000000000</CorrAccount>
    <Number>23</Number>
    <Debit>0</Debit>
    <Credit>39.00</Credit>
    <Equivalent>39.00</Equivalent>
    <Date>2021-03-26T00:00:00+03:00</Date>
    <Purpose>eget risus viverra feugiat dictum urna id   torquent turpis orci phasellus porttitor justo elit  Himenaeos semper condimentum lorem fusce consectetur </Purpose>
    <NameCompany>Quisque montes </NameCompany>
    <UNP>000000153</UNP>
  </report>
</ReportsInfo>